prefix	arm	study	temp	trace	access	chunk	repeat	frames	asks	first_frame_ns	later_p50_ns	later_p99_ns	later_mean_ns	series_wall_ns	gap_p50_ns	gap_p99_ns	gap_max_ns	gap_samples	bytes_copied	hop_p50_ns	other_later_p50_ns	other_later_p99_ns	other_asks	cpu_ns	threads_max	runtime	hop_count
4096	pread_nowait_chunked	frames_250k_live.sbnd	cold	forward	full	16384	1	320	320	177657	84462	136688	86521	27860594	298	54569	205154	9726	1310720	49910	0	0	0	39625950	6	multi	320
4096	pread_nowait_prefetch	frames_250k_live.sbnd	cold	forward	full	16384	1	320	320	138082	4470	67572	17384	14999597	499	55144	147729	5449	1310720	31299	0	0	0	29495065	6	multi	67
4096	pread_blocking_pooled	frames_250k_live.sbnd	cold	forward	full	16384	1	320	320	213513	73121	127900	76654	24743582	260	27625	146120	17144	1310720	68865	0	0	0	40520977	7	multi	320
4096	uring_nowait_hybrid	frames_250k_live.sbnd	cold	forward	full	16384	1	320	320	378500	104930	179548	104807	34995749	265	16940	1484284	30885	1310720	67879	0	0	0	53670671	5	multi	319
4096	pread_nowait_chunked	frames_250k_live.sbnd	cold	forward	full	16384	2	320	320	200613	55016	138004	67345	21756852	262	90590	156280	2878	1310720	30088	0	0	0	26430293	6	multi	319
4096	pread_nowait_prefetch	frames_250k_live.sbnd	cold	forward	full	16384	2	320	320	142167	17317	92696	24298	16129417	260	42261	146223	6572	1310720	79827	0	0	0	20269119	6	multi	37
4096	pread_blocking_pooled	frames_250k_live.sbnd	cold	forward	full	16384	2	320	320	209994	83024	180797	89695	28905618	258	18178	82715	25351	1310720	80028	0	0	0	46227517	7	multi	320
4096	uring_nowait_hybrid	frames_250k_live.sbnd	cold	forward	full	16384	2	320	320	149218	90159	155717	92674	30056484	502	73001	414544	6814	1310720	57338	0	0	0	46572675	5	multi	305
4096	pread_nowait_chunked	frames_250k_live.sbnd	cold	forward	full	16384	3	320	320	243413	91660	174672	99335	32043912	263	55324	212381	16078	1310720	61386	0	0	0	43551754	6	multi	319
4096	pread_nowait_prefetch	frames_250k_live.sbnd	cold	forward	full	16384	3	320	320	143458	3948	54276	8650	11732196	255	16616	130882	10427	1310720	71852	0	0	0	21551577	6	multi	4
4096	pread_blocking_pooled	frames_250k_live.sbnd	cold	forward	full	16384	3	320	320	199313	92399	207789	104189	33515068	255	16549	122640	36954	1310720	89512	0	0	0	53760930	7	multi	320
4096	uring_nowait_hybrid	frames_250k_live.sbnd	cold	forward	full	16384	3	320	320	165527	69260	129284	73469	23811472	353	18551	89249	15092	1310720	38636	0	0	0	38676078	5	multi	319
4096	pread_nowait_chunked	frames_250k_live.sbnd	cold	forward	full	16384	4	320	320	149324	85247	149647	90202	29029591	2730	111108	143919	1258	1310720	59806	0	0	0	35432190	6	multi	315
4096	pread_nowait_prefetch	frames_250k_live.sbnd	cold	forward	full	16384	4	320	320	143470	3807	51894	7748	11325964	512	50490	83751	2751	1310720	89904	0	0	0	22827337	6	multi	4
4096	pread_blocking_pooled	frames_250k_live.sbnd	cold	forward	full	16384	4	320	320	239451	98239	186559	109175	35176752	390	28769	105424	22380	1310720	92136	0	0	0	57018740	7	multi	320
4096	uring_nowait_hybrid	frames_250k_live.sbnd	cold	forward	full	16384	4	320	320	91785	57249	152076	73272	23635644	260	18024	570994	21355	1310720	56016	0	0	0	42004497	5	multi	163
4096	pread_nowait_chunked	frames_250k_live.sbnd	cold	forward	full	16384	5	320	320	194104	86616	150822	91369	29449050	2830	107604	158963	1238	1310720	60648	0	0	0	36377723	6	multi	316
4096	pread_nowait_prefetch	frames_250k_live.sbnd	cold	forward	full	16384	5	320	320	124809	34354	84098	31461	18692086	282	64825	138423	5617	1310720	50436	0	0	0	32161145	6	multi	76
4096	pread_blocking_pooled	frames_250k_live.sbnd	cold	forward	full	16384	5	320	320	198773	88107	181245	96767	31177245	255	17593	98308	31694	1310720	83717	0	0	0	51446642	7	multi	320
4096	uring_nowait_hybrid	frames_250k_live.sbnd	cold	forward	full	16384	5	320	320	132794	82174	178664	89136	28830212	258	19480	109485	25754	1310720	45703	0	0	0	43724021	5	multi	314
4096	pread_nowait_chunked	frames_250k_live.sbnd	cold	forward	full	16384	6	320	320	145721	103532	149403	102336	32934101	257	60980	164939	15723	1310720	68353	0	0	0	45799127	6	multi	318
4096	pread_nowait_prefetch	frames_250k_live.sbnd	cold	forward	full	16384	6	320	320	160783	18975	68333	19147	14519270	339	20502	182538	9114	1310720	100614	0	0	0	28511917	6	multi	4
4096	pread_blocking_pooled	frames_250k_live.sbnd	cold	forward	full	16384	6	320	320	221371	78259	152126	85199	27497284	264	29610	149046	17738	1310720	75075	0	0	0	45472679	7	multi	320
4096	uring_nowait_hybrid	frames_250k_live.sbnd	cold	forward	full	16384	6	320	320	141475	73229	146259	76521	24721406	466	23600	163513	12138	1310720	40740	0	0	0	40475064	5	multi	319
4096	pread_nowait_chunked	frames_250k_live.sbnd	cold	forward	full	16384	7	320	320	156765	60877	150826	72142	23254578	363	93147	173590	2167	1310720	32015	0	0	0	28657009	6	multi	319
4096	pread_nowait_prefetch	frames_250k_live.sbnd	cold	forward	full	16384	7	320	320	153189	17511	101143	27674	16946247	256	41890	176634	9431	1310720	67487	0	0	0	22230014	6	multi	66
4096	pread_blocking_pooled	frames_250k_live.sbnd	cold	forward	full	16384	7	320	320	307052	111831	209621	117685	37948814	283	19319	109295	31139	1310720	106487	0	0	0	61951876	7	multi	320
4096	uring_nowait_hybrid	frames_250k_live.sbnd	cold	forward	full	16384	7	320	320	169619	99874	159012	98428	31840460	258	17290	261357	35655	1310720	67587	0	0	0	51882309	5	multi	319
4096	pread_nowait_chunked	frames_250k_live.sbnd	cold	forward	full	16384	8	320	320	226406	90282	171639	96282	31075895	412	95897	157117	4091	1310720	40389	0	0	0	40170760	6	multi	316
4096	pread_nowait_prefetch	frames_250k_live.sbnd	cold	forward	full	16384	8	320	320	156717	3660	56761	7193	12285165	268	16842	78029	11140	1310720	59920	0	0	0	26560970	6	multi	6
4096	pread_blocking_pooled	frames_250k_live.sbnd	cold	forward	full	16384	8	320	320	345288	108813	185280	112433	36304339	368	55996	131434	10311	1310720	106346	0	0	0	54068868	7	multi	320
4096	uring_nowait_hybrid	frames_250k_live.sbnd	cold	forward	full	16384	8	320	320	148921	87823	191219	94975	30729266	498	56560	315090	9475	1310720	55133	0	0	0	49086783	5	multi	318
4096	pread_nowait_chunked	frames_250k_live.sbnd	cold	forward	full	16384	9	320	320	222831	76535	143305	76817	24832894	280	86199	149850	4499	1310720	38007	0	0	0	32200613	6	multi	319
4096	pread_nowait_prefetch	frames_250k_live.sbnd	cold	forward	full	16384	9	320	320	193380	18310	59117	17700	14934955	1808	61016	124831	872	1310720	70717	0	0	0	20874283	6	multi	3
4096	pread_blocking_pooled	frames_250k_live.sbnd	cold	forward	full	16384	9	320	320	263851	85791	151794	89967	29055053	263	21267	79652	23872	1310720	81362	0	0	0	47283908	7	multi	320
4096	uring_nowait_hybrid	frames_250k_live.sbnd	cold	forward	full	16384	9	320	320	132471	94037	173077	94622	30611097	252	19287	213178	30700	1310720	65670	0	0	0	46768081	5	multi	317
4096	pread_nowait_chunked	frames_250k_live.sbnd	warm	forward	full	16384	1	320	320	6944	1864	18528	2667	878584	268	16125	20777	846	1310720	0	0	0	0	2077581	5	multi	0
4096	pread_nowait_prefetch	frames_250k_live.sbnd	warm	forward	full	16384	1	320	320	4748	1544	17567	2100	787164	257	14827	21440	1118	1310720	0	0	0	0	1899204	5	multi	0
4096	pread_blocking_pooled	frames_250k_live.sbnd	warm	forward	full	16384	1	320	320	105391	30469	67061	31477	10221045	504	33040	101494	1342	1310720	28817	0	0	0	13651067	6	multi	320
4096	uring_nowait_hybrid	frames_250k_live.sbnd	warm	forward	full	16384	1	320	320	8891	1444	16893	1801	695518	257	15456	42923	1014	1310720	0	0	0	0	2037220	5	multi	0
4096	pread_nowait_chunked	frames_250k_live.sbnd	warm	forward	full	16384	2	320	320	5760	1224	18439	2201	729069	263	16616	65885	652	1310720	0	0	0	0	1599294	5	multi	0
4096	pread_nowait_prefetch	frames_250k_live.sbnd	warm	forward	full	16384	2	320	320	19558	1017	19470	1794	694199	256	17327	41492	1070	1310720	0	0	0	0	1727466	5	multi	0
4096	pread_blocking_pooled	frames_250k_live.sbnd	warm	forward	full	16384	2	320	320	178615	29716	68056	32533	10638909	284	35640	145103	1801	1310720	28224	0	0	0	14523552	6	multi	320
4096	uring_nowait_hybrid	frames_250k_live.sbnd	warm	forward	full	16384	2	320	320	61101	1465	17226	1899	752053	256	15077	112425	1007	1310720	0	0	0	0	1951756	5	multi	0
4096	pread_nowait_chunked	frames_250k_live.sbnd	warm	forward	full	16384	3	320	320	6330	1242	4659	1481	496863	265	14503	18782	673	1310720	0	0	0	0	1295881	5	multi	0
4096	pread_nowait_prefetch	frames_250k_live.sbnd	warm	forward	full	16384	3	320	320	5566	1033	16715	1351	539667	265	15622	35389	812	1310720	0	0	0	0	1362177	5	multi	0
4096	pread_blocking_pooled	frames_250k_live.sbnd	warm	forward	full	16384	3	320	320	91611	31226	69323	33116	10744981	270	31074	71377	2339	1310720	29485	0	0	0	15272585	7	multi	320
4096	uring_nowait_hybrid	frames_250k_live.sbnd	warm	forward	full	16384	3	320	320	30948	1438	16332	1897	1032689	258	17295	408154	1085	1310720	0	0	0	0	2255696	5	multi	0
4096	pread_nowait_chunked	frames_250k_live.sbnd	warm	forward	full	16384	4	320	320	7403	1062	16668	1487	499541	294	17229	33784	586	1310720	0	0	0	0	1251999	5	multi	0
4096	pread_nowait_prefetch	frames_250k_live.sbnd	warm	forward	full	16384	4	320	320	4599	1326	17429	1787	683951	270	15174	22478	879	1310720	0	0	0	0	1698509	5	multi	0
4096	pread_blocking_pooled	frames_250k_live.sbnd	warm	forward	full	16384	4	320	320	91799	32454	72972	34996	11345093	2266	45104	101063	1084	1310720	30618	0	0	0	15618265	7	multi	320
4096	uring_nowait_hybrid	frames_250k_live.sbnd	warm	forward	full	16384	4	320	320	22766	1052	17208	1345	541075	285	14083	94088	720	1310720	0	0	0	0	1463570	5	multi	0
4096	pread_nowait_chunked	frames_250k_live.sbnd	warm	forward	full	16384	5	320	320	7068	1484	19790	2295	761283	512	16253	20157	559	1310720	0	0	0	0	1754365	5	multi	0
4096	pread_nowait_prefetch	frames_250k_live.sbnd	warm	forward	full	16384	5	320	320	5568	1144	17781	2106	780025	260	16279	46467	942	1310720	0	0	0	0	1767770	5	multi	0
4096	pread_blocking_pooled	frames_250k_live.sbnd	warm	forward	full	16384	5	320	320	87995	30900	63544	32419	10522859	2180	44267	79869	954	1310720	29272	0	0	0	14191077	6	multi	320
4096	uring_nowait_hybrid	frames_250k_live.sbnd	warm	forward	full	16384	5	320	320	25225	1418	17834	2129	808851	318	17087	110708	843	1310720	0	0	0	0	1940060	5	multi	0
4096	pread_nowait_chunked	frames_250k_live.sbnd	warm	forward	full	16384	6	320	320	7306	1225	22847	2273	753363	258	15651	31315	957	1310720	0	0	0	0	1609179	5	multi	0
4096	pread_nowait_prefetch	frames_250k_live.sbnd	warm	forward	full	16384	6	320	320	5145	1041	17322	1672	643697	265	16063	22298	1004	1310720	0	0	0	0	1578461	5	multi	0
4096	pread_blocking_pooled	frames_250k_live.sbnd	warm	forward	full	16384	6	320	320	89823	30390	52104	31264	10134237	2078	36944	73945	1105	1310720	28810	0	0	0	13599421	6	multi	320
4096	uring_nowait_hybrid	frames_250k_live.sbnd	warm	forward	full	16384	6	320	320	32569	1341	18046	2438	901571	252	14795	102729	1421	1310720	0	0	0	0	2301217	5	multi	0
4096	pread_nowait_chunked	frames_250k_live.sbnd	warm	forward	full	16384	7	320	320	23750	1172	16135	1630	562811	272	17838	25995	689	1310720	0	0	0	0	1436885	5	multi	0
4096	pread_nowait_prefetch	frames_250k_live.sbnd	warm	forward	full	16384	7	320	320	6685	1221	18992	1630	624354	347	16767	21210	600	1310720	0	0	0	0	1612727	5	multi	0
4096	pread_blocking_pooled	frames_250k_live.sbnd	warm	forward	full	16384	7	320	320	132197	31715	61369	35500	11562181	262	34622	120317	3000	1310720	29556	0	0	0	16354360	6	multi	320
4096	uring_nowait_hybrid	frames_250k_live.sbnd	warm	forward	full	16384	7	320	320	26745	1301	18611	2156	839627	255	15857	111657	1240	1310720	0	0	0	0	2052469	5	multi	0
4096	pread_nowait_chunked	frames_250k_live.sbnd	warm	forward	full	16384	8	320	320	5988	1025	1517	1069	363599	1025	1618	29610	382	1310720	0	0	0	0	500357	5	multi	0
4096	pread_nowait_prefetch	frames_250k_live.sbnd	warm	forward	full	16384	8	320	320	5822	1072	19916	1620	619866	279	17802	20183	815	1310720	0	0	0	0	1561490	5	multi	0
4096	pread_blocking_pooled	frames_250k_live.sbnd	warm	forward	full	16384	8	320	320	76637	32040	77111	36704	11903256	251	29677	83364	5499	1310720	29685	0	0	0	17566943	6	multi	320
4096	uring_nowait_hybrid	frames_250k_live.sbnd	warm	forward	full	16384	8	320	320	36799	1423	21950	3160	1146153	255	18515	114469	1168	1310720	0	0	0	0	2376136	5	multi	0
4096	pread_nowait_chunked	frames_250k_live.sbnd	warm	forward	full	16384	9	320	320	7180	2148	7730	2315	764336	520	2254	23791	1009	1310720	0	0	0	0	1743195	5	multi	0
4096	pread_nowait_prefetch	frames_250k_live.sbnd	warm	forward	full	16384	9	320	320	6345	1062	16382	1328	521454	280	16978	20516	727	1310720	0	0	0	0	1336294	5	multi	0
4096	pread_blocking_pooled	frames_250k_live.sbnd	warm	forward	full	16384	9	320	320	91762	31380	76585	35430	11474849	2182	49045	109189	1001	1310720	29577	0	0	0	15366183	6	multi	320
4096	uring_nowait_hybrid	frames_250k_live.sbnd	warm	forward	full	16384	9	320	320	23287	1540	24165	2402	881413	259	17586	87110	1134	1310720	0	0	0	0	2150835	5	multi	0
16384	pread_nowait_chunked	frames_250k_live.sbnd	cold	forward	full	16384	1	320	320	250226	100348	160708	102512	33030569	292	56520	212143	12643	5242880	69006	0	0	0	48143926	6	multi	320
16384	pread_nowait_prefetch	frames_250k_live.sbnd	cold	forward	full	16384	1	320	320	231799	21163	63939	23495	16259895	278	67334	170808	1406	5242880	34655	0	0	0	19036553	6	multi	16
16384	pread_blocking_pooled	frames_250k_live.sbnd	cold	forward	full	16384	1	320	320	353897	113003	221864	122387	39517343	265	29771	100692	24293	5242880	106887	0	0	0	67612063	7	multi	320
16384	uring_nowait_hybrid	frames_250k_live.sbnd	cold	forward	full	16384	1	320	320	220523	105591	179179	109181	35277511	410	36516	103296	18051	5242880	62357	0	0	0	53840876	5	multi	319
16384	pread_nowait_chunked	frames_250k_live.sbnd	cold	forward	full	16384	2	320	320	309625	122169	186532	124218	40047385	262	59382	117393	21402	5242880	83206	0	0	0	60423988	6	multi	319
16384	pread_nowait_prefetch	frames_250k_live.sbnd	cold	forward	full	16384	2	320	320	279477	20745	82210	22849	17412798	264	56048	128187	4794	5242880	47907	0	0	0	24623911	6	multi	37
16384	pread_blocking_pooled	frames_250k_live.sbnd	cold	forward	full	16384	2	320	320	303072	106652	185450	113736	36689144	253	21283	86919	30588	5242880	101904	0	0	0	59968448	7	multi	320
16384	uring_nowait_hybrid	frames_250k_live.sbnd	cold	forward	full	16384	2	320	320	253296	110311	208272	116063	37604270	264	21284	97065	30538	5242880	68513	0	0	0	58581510	5	multi	319
16384	pread_nowait_chunked	frames_250k_live.sbnd	cold	forward	full	16384	3	320	320	230697	100916	219727	113263	36476613	258	64189	146857	19185	5242880	63168	0	0	0	51340090	6	multi	320
16384	pread_nowait_prefetch	frames_250k_live.sbnd	cold	forward	full	16384	3	320	320	132194	46563	129575	45525	24649579	715	98177	191719	2284	5242880	60808	0	0	0	40810917	6	multi	98
16384	pread_blocking_pooled	frames_250k_live.sbnd	cold	forward	full	16384	3	320	320	309931	91750	168116	97095	31378914	281	29482	109310	18979	5242880	84729	0	0	0	51958269	7	multi	320
16384	uring_nowait_hybrid	frames_250k_live.sbnd	cold	forward	full	16384	3	320	320	196060	105540	183440	109790	35425883	504	55766	199413	11784	5242880	66424	0	0	0	59167340	5	multi	320
16384	pread_nowait_chunked	frames_250k_live.sbnd	cold	forward	full	16384	4	320	320	194279	102409	159899	103878	33443900	265	58855	134449	14788	5242880	63667	0	0	0	49361242	6	multi	319
16384	pread_nowait_prefetch	frames_250k_live.sbnd	cold	forward	full	16384	4	320	320	169287	25632	147746	34949	20259542	267	62071	145993	4974	5242880	31297	0	0	0	26659292	6	multi	125
16384	pread_blocking_pooled	frames_250k_live.sbnd	cold	forward	full	16384	4	320	320	253938	108182	219438	135694	43656881	260	18386	114010	38693	5242880	97666	0	0	0	68513521	7	multi	320
16384	uring_nowait_hybrid	frames_250k_live.sbnd	cold	forward	full	16384	4	320	320	191198	113174	191053	114136	36886772	279	20562	317251	29481	5242880	75718	0	0	0	56291152	5	multi	320
16384	pread_nowait_chunked	frames_250k_live.sbnd	cold	forward	full	16384	5	320	320	230781	90345	164806	91142	29384243	256	53478	138444	21542	5242880	55240	0	0	0	41347282	6	multi	320
16384	pread_nowait_prefetch	frames_250k_live.sbnd	cold	forward	full	16384	5	320	320	139562	19765	76919	21281	15107946	774	65146	143364	728	5242880	83181	0	0	0	16976477	6	multi	5
16384	pread_blocking_pooled	frames_250k_live.sbnd	cold	forward	full	16384	5	320	320	302473	122451	218171	131037	42203743	257	16914	94697	48116	5242880	117505	0	0	0	72117389	7	multi	320
16384	uring_nowait_hybrid	frames_250k_live.sbnd	cold	forward	full	16384	5	320	320	199597	89355	165131	95208	30731793	484	53505	164329	9148	5242880	57325	0	0	0	49838446	5	multi	318
16384	pread_nowait_chunked	frames_250k_live.sbnd	cold	forward	full	16384	6	320	320	216794	95438	215231	108468	34906884	258	55571	523376	16102	5242880	61316	0	0	0	47495220	6	multi	319
16384	pread_nowait_prefetch	frames_250k_live.sbnd	cold	forward	full	16384	6	320	320	145301	18016	111564	18715	15775436	260	42818	153419	8369	5242880	70359	0	0	0	23751260	6	multi	18
16384	pread_blocking_pooled	frames_250k_live.sbnd	cold	forward	full	16384	6	320	320	272270	107916	180692	112878	36377791	270	28639	119941	24019	5242880	104278	0	0	0	58396559	7	multi	320
16384	uring_nowait_hybrid	frames_250k_live.sbnd	cold	forward	full	16384	6	320	320	159349	106091	181651	105377	34098634	256	19105	351841	33493	5242880	67479	0	0	0	50141477	5	multi	320
16384	pread_nowait_chunked	frames_250k_live.sbnd	cold	forward	full	16384	7	320	320	171138	57777	133207	68334	22041546	256	55179	128246	9787	5242880	30622	0	0	0	29687185	6	multi	318
16384	pread_nowait_prefetch	frames_250k_live.sbnd	cold	forward	full	16384	7	320	320	138838	8490	91192	26299	17005117	283	58165	193464	4877	5242880	44102	0	0	0	30347867	6	multi	76
16384	pread_blocking_pooled	frames_250k_live.sbnd	cold	forward	full	16384	7	320	320	1345523	108179	159439	110848	36785467	299	44655	109315	12504	5242880	105429	0	0	0	55036201	6	multi	320
16384	uring_nowait_hybrid	frames_250k_live.sbnd	cold	forward	full	16384	7	320	320	216810	125444	226550	127768	41264285	402	20368	287087	32625	5242880	83135	0	0	0	59616476	5	multi	319
16384	pread_nowait_chunked	frames_250k_live.sbnd	cold	forward	full	16384	8	320	320	180598	97487	173215	102643	33000778	367	111351	201357	2414	5242880	68844	0	0	0	40574338	6	multi	318
16384	pread_nowait_prefetch	frames_250k_live.sbnd	cold	forward	full	16384	8	320	320	113338	7929	93001	26434	16734455	285	60677	148952	4848	5242880	43895	0	0	0	30150007	6	multi	79
16384	pread_blocking_pooled	frames_250k_live.sbnd	cold	forward	full	16384	8	320	320	313668	99482	184608	104902	33873441	273	27674	114266	22027	5242880	88620	0	0	0	54680181	7	multi	320
16384	uring_nowait_hybrid	frames_250k_live.sbnd	cold	forward	full	16384	8	320	320	158412	93571	158636	98572	31837907	498	51513	241592	10404	5242880	60979	0	0	0	51839790	5	multi	320
16384	pread_nowait_chunked	frames_250k_live.sbnd	cold	forward	full	16384	9	320	320	166555	103266	156788	99592	32008225	259	40861	113340	27196	5242880	74607	0	0	0	44918959	6	multi	319
16384	pread_nowait_prefetch	frames_250k_live.sbnd	cold	forward	full	16384	9	320	320	186866	20715	86720	21306	16841857	258	53832	101808	5590	5242880	37933	0	0	0	24388492	6	multi	28
16384	pread_blocking_pooled	frames_250k_live.sbnd	cold	forward	full	16384	9	320	320	280500	123529	182434	122407	39412488	263	15726	94348	47325	5242880	120813	0	0	0	64043347	7	multi	320
16384	uring_nowait_hybrid	frames_250k_live.sbnd	cold	forward	full	16384	9	320	320	213078	88112	150633	94024	30357585	461	53446	136275	9015	5242880	56871	0	0	0	49042268	5	multi	316
16384	pread_nowait_chunked	frames_250k_live.sbnd	warm	forward	full	16384	1	320	320	50057	2769	21940	3192	1091287	262	15146	33972	1512	5242880	0	0	0	0	2515919	5	multi	0
16384	pread_nowait_prefetch	frames_250k_live.sbnd	warm	forward	full	16384	1	320	320	24601	3090	38110	9477	3229666	275	19398	60801	1136	5242880	0	0	0	0	4599264	5	multi	0
16384	pread_blocking_pooled	frames_250k_live.sbnd	warm	forward	full	16384	1	320	320	83227	33415	78350	38607	12514454	265	35981	89125	3362	5242880	29727	0	0	0	17666261	6	multi	320
16384	uring_nowait_hybrid	frames_250k_live.sbnd	warm	forward	full	16384	1	320	320	15670	2564	11020	2934	1054973	330	16741	42047	816	5242880	0	0	0	0	2773062	5	multi	0
16384	pread_nowait_chunked	frames_250k_live.sbnd	warm	forward	full	16384	2	320	320	28936	2246	20472	2723	919220	257	15328	22054	1491	5242880	0	0	0	0	2193996	5	multi	0
16384	pread_nowait_prefetch	frames_250k_live.sbnd	warm	forward	full	16384	2	320	320	11061	2145	21055	2539	942799	259	15449	21908	1315	5242880	0	0	0	0	2362330	5	multi	0
16384	pread_blocking_pooled	frames_250k_live.sbnd	warm	forward	full	16384	2	320	320	69753	30273	57159	32457	10498577	263	29680	67182	2473	5242880	28078	0	0	0	14835124	6	multi	320
16384	uring_nowait_hybrid	frames_250k_live.sbnd	warm	forward	full	16384	2	320	320	28636	2750	24297	3279	1166696	257	15445	100674	1485	5242880	0	0	0	0	2702713	5	multi	0
16384	pread_nowait_chunked	frames_250k_live.sbnd	warm	forward	full	16384	3	320	320	25918	2506	27552	4470	1478533	258	17580	57326	1400	5242880	0	0	0	0	2919346	5	multi	0
16384	pread_nowait_prefetch	frames_250k_live.sbnd	warm	forward	full	16384	3	320	320	23189	2316	21923	4072	1456918	259	17794	74508	1168	5242880	0	0	0	0	2916031	5	multi	0
16384	pread_blocking_pooled	frames_250k_live.sbnd	warm	forward	full	16384	3	320	320	127591	31243	138377	48965	15838599	374	34644	212448	4090	5242880	29057	0	0	0	21758368	7	multi	320
16384	uring_nowait_hybrid	frames_250k_live.sbnd	warm	forward	full	16384	3	320	320	35662	17449	35352	25700	8447787	253	16724	2580756	4280	5242880	0	0	0	0	10144946	5	multi	0
16384	pread_nowait_chunked	frames_250k_live.sbnd	warm	forward	full	16384	4	320	320	8934	2262	28380	5382	1757727	279	18305	38966	1165	5242880	0	0	0	0	2922380	5	multi	0
16384	pread_nowait_prefetch	frames_250k_live.sbnd	warm	forward	full	16384	4	320	320	25853	2824	25328	7673	2670249	285	21723	80186	940	5242880	0	0	0	0	3793807	5	multi	0
16384	pread_blocking_pooled	frames_250k_live.sbnd	warm	forward	full	16384	4	320	320	86842	30889	67384	33071	10709632	2683	35061	94231	1238	5242880	28673	0	0	0	14843320	6	multi	320
16384	uring_nowait_hybrid	frames_250k_live.sbnd	warm	forward	full	16384	4	320	320	26059	2918	26548	6008	2051777	256	17690	95691	1809	5242880	0	0	0	0	3613975	5	multi	0
16384	pread_nowait_chunked	frames_250k_live.sbnd	warm	forward	full	16384	5	320	320	27314	2015	18373	2881	967707	270	17479	36222	967	5242880	0	0	0	0	2078990	5	multi	0
16384	pread_nowait_prefetch	frames_250k_live.sbnd	warm	forward	full	16384	5	320	320	25225	1878	26057	5614	1965172	274	17849	36382	910	5242880	0	0	0	0	3136113	5	multi	0
16384	pread_blocking_pooled	frames_250k_live.sbnd	warm	forward	full	16384	5	320	320	72366	30504	62277	33685	10893087	276	30326	70856	2937	5242880	28358	0	0	0	15199424	6	multi	320
16384	uring_nowait_hybrid	frames_250k_live.sbnd	warm	forward	full	16384	5	320	320	23750	2274	21282	4760	1645043	255	17874	99925	1400	5242880	0	0	0	0	3078739	5	multi	0
16384	pread_nowait_chunked	frames_250k_live.sbnd	warm	forward	full	16384	6	320	320	23926	2001	20336	3104	1036959	287	17512	26869	948	5242880	0	0	0	0	2142418	5	multi	0
16384	pread_nowait_prefetch	frames_250k_live.sbnd	warm	forward	full	16384	6	320	320	50329	2030	16575	2351	942605	258	14127	37692	1559	5242880	0	0	0	0	2167945	5	multi	0
16384	pread_blocking_pooled	frames_250k_live.sbnd	warm	forward	full	16384	6	320	320	87540	30306	62304	32964	10677028	276	30781	85874	2381	5242880	28143	0	0	0	14712995	6	multi	320
16384	uring_nowait_hybrid	frames_250k_live.sbnd	warm	forward	full	16384	6	320	320	27556	2117	22469	3297	1173305	276	18042	104555	1071	5242880	0	0	0	0	2546085	5	multi	0
16384	pread_nowait_chunked	frames_250k_live.sbnd	warm	forward	full	16384	7	320	320	12098	2140	20789	2689	891245	398	16045	54551	734	5242880	0	0	0	0	2298185	5	multi	0
16384	pread_nowait_prefetch	frames_250k_live.sbnd	warm	forward	full	16384	7	320	320	10478	2232	19947	2732	1000741	501	15765	19326	901	5242880	0	0	0	0	2479283	5	multi	0
16384	pread_blocking_pooled	frames_250k_live.sbnd	warm	forward	full	16384	7	320	320	68334	30751	65440	35178	11392911	256	28490	95651	4078	5242880	28161	0	0	0	16504136	6	multi	320
16384	uring_nowait_hybrid	frames_250k_live.sbnd	warm	forward	full	16384	7	320	320	35796	3009	26034	4989	1746753	265	20700	128101	1333	5242880	0	0	0	0	3518986	5	multi	0
16384	pread_nowait_chunked	frames_250k_live.sbnd	warm	forward	full	16384	8	320	320	31813	3458	25728	5888	1953022	447	22973	48385	556	5242880	0	0	0	0	3712967	5	multi	0
16384	pread_nowait_prefetch	frames_250k_live.sbnd	warm	forward	full	16384	8	320	320	13444	2264	18889	2736	1019341	259	15406	22246	1263	5242880	0	0	0	0	2454148	5	multi	0
16384	pread_blocking_pooled	frames_250k_live.sbnd	warm	forward	full	16384	8	320	320	89104	30710	82178	34155	11055819	2700	41179	91870	1077	5242880	28573	0	0	0	15404319	6	multi	320
16384	uring_nowait_hybrid	frames_250k_live.sbnd	warm	forward	full	16384	8	320	320	10610	2788	18276	3249	1142374	460	19068	69874	673	5242880	0	0	0	0	2998924	5	multi	0
16384	pread_nowait_chunked	frames_250k_live.sbnd	warm	forward	full	16384	9	320	320	10227	3297	21534	5047	1663713	261	16564	41247	1835	5242880	0	0	0	0	3463039	5	multi	0
16384	pread_nowait_prefetch	frames_250k_live.sbnd	warm	forward	full	16384	9	320	320	30837	2547	26911	5426	1921502	268	24884	61090	1034	5242880	0	0	0	0	3393499	5	multi	0
16384	pread_blocking_pooled	frames_250k_live.sbnd	warm	forward	full	16384	9	320	320	103554	31023	71426	33564	10887970	2485	37253	101090	1077	5242880	29044	0	0	0	15744293	6	multi	320
16384	uring_nowait_hybrid	frames_250k_live.sbnd	warm	forward	full	16384	9	320	320	32541	3259	28066	4391	1567045	296	17589	124894	1429	5242880	0	0	0	0	3529289	5	multi	0
65536	pread_nowait_chunked	frames_250k_live.sbnd	cold	forward	full	16384	1	320	320	341654	136260	264141	141898	45711048	275	16660	235050	42065	20971520	85700	0	0	0	70016117	6	multi	318
65536	pread_nowait_prefetch	frames_250k_live.sbnd	cold	forward	full	16384	1	320	320	292544	29338	157976	44565	25437554	258	54613	283509	10587	20971520	69961	0	0	0	36970643	6	multi	52
65536	pread_blocking_pooled	frames_250k_live.sbnd	cold	forward	full	16384	1	320	320	1041891	145594	258189	151330	49402222	257	16425	94872	45509	20971520	123402	0	0	0	78785278	7	multi	320
65536	uring_nowait_hybrid	frames_250k_live.sbnd	cold	forward	full	16384	1	320	320	301618	127953	221069	130826	42337491	406	21807	321634	24470	20971520	73995	0	0	0	65718249	5	multi	318
65536	pread_nowait_chunked	frames_250k_live.sbnd	cold	forward	full	16384	2	320	320	351833	143484	225710	144835	46638703	257	16400	222652	48705	20971520	86585	0	0	0	71079344	6	multi	318
65536	pread_nowait_prefetch	frames_250k_live.sbnd	cold	forward	full	16384	2	320	320	242401	31657	146688	39675	24101285	270	62323	584484	8152	20971520	45116	0	0	0	33996723	6	multi	75
65536	pread_blocking_pooled	frames_250k_live.sbnd	cold	forward	full	16384	2	320	320	418300	170195	314971	177073	57002585	256	18094	145842	56926	20971520	142566	0	0	0	93228189	7	multi	320
65536	uring_nowait_hybrid	frames_250k_live.sbnd	cold	forward	full	16384	2	320	320	350338	121593	290686	132695	43100983	330	19357	174493	27866	20971520	69775	0	0	0	70499778	5	multi	317
65536	pread_nowait_chunked	frames_250k_live.sbnd	cold	forward	full	16384	3	320	320	328069	144440	274669	150735	48530161	265	71507	170572	13489	20971520	83956	0	0	0	64156991	6	multi	318
65536	pread_nowait_prefetch	frames_250k_live.sbnd	cold	forward	full	16384	3	320	320	310639	29690	140371	40304	23454955	261	55365	222915	12132	20971520	56556	0	0	0	34050932	6	multi	53
65536	pread_blocking_pooled	frames_250k_live.sbnd	cold	forward	full	16384	3	320	320	374440	120861	252639	127206	41030173	256	16675	90601	35624	20971520	97724	0	0	0	66526796	7	multi	320
65536	uring_nowait_hybrid	frames_250k_live.sbnd	cold	forward	full	16384	3	320	320	238835	127093	255645	134963	43586654	394	43752	294984	21748	20971520	83299	0	0	0	69459230	5	multi	317
65536	pread_nowait_chunked	frames_250k_live.sbnd	cold	forward	full	16384	4	320	320	428374	131417	331385	140890	45462763	288	39736	197709	25109	20971520	68835	0	0	0	65005569	6	multi	318
65536	pread_nowait_prefetch	frames_250k_live.sbnd	cold	forward	full	16384	4	320	320	284043	29122	116206	37597	22247241	517	61767	208720	4654	20971520	35796	0	0	0	30660952	6	multi	110
65536	pread_blocking_pooled	frames_250k_live.sbnd	cold	forward	full	16384	4	320	320	414931	157283	234049	160812	51803925	399	43964	124406	20642	20971520	134557	0	0	0	77645697	6	multi	320
65536	uring_nowait_hybrid	frames_250k_live.sbnd	cold	forward	full	16384	4	320	320	331005	135603	254850	144394	46614036	432	47734	219007	20311	20971520	86993	0	0	0	76168957	5	multi	317
65536	pread_nowait_chunked	frames_250k_live.sbnd	cold	forward	full	16384	5	320	320	338973	160042	248151	164115	52809238	255	16977	170231	48134	20971520	97490	0	0	0	80098378	6	multi	318
65536	pread_nowait_prefetch	frames_250k_live.sbnd	cold	forward	full	16384	5	320	320	290638	28106	198414	46367	25092382	447	59052	240609	7148	20971520	68917	0	0	0	34241812	6	multi	44
65536	pread_blocking_pooled	frames_250k_live.sbnd	cold	forward	full	16384	5	320	320	394484	140954	303911	147347	47489245	290	18716	115705	32528	20971520	119958	0	0	0	79802690	7	multi	320
65536	uring_nowait_hybrid	frames_250k_live.sbnd	cold	forward	full	16384	5	320	320	240958	153370	246994	151149	48727014	320	21374	132294	36901	20971520	96986	0	0	0	73724874	5	multi	317
65536	pread_nowait_chunked	frames_250k_live.sbnd	cold	forward	full	16384	6	320	320	426036	130355	425174	142444	45962502	256	17997	168321	39133	20971520	75495	0	0	0	67311615	6	multi	318
65536	pread_nowait_prefetch	frames_250k_live.sbnd	cold	forward	full	16384	6	320	320	186412	26900	130293	31244	19536135	277	60007	197176	4487	20971520	33994	0	0	0	23512512	6	multi	56
65536	pread_blocking_pooled	frames_250k_live.sbnd	cold	forward	full	16384	6	320	320	338565	149007	263557	152661	49144821	256	17591	252580	53333	20971520	124874	0	0	0	79363513	7	multi	320
65536	uring_nowait_hybrid	frames_250k_live.sbnd	cold	forward	full	16384	6	320	320	4923552	143813	268270	148398	52475107	267	17581	216947	52129	20971520	86751	0	0	0	76575807	5	multi	317
65536	pread_nowait_chunked	frames_250k_live.sbnd	cold	forward	full	16384	7	320	320	243388	134389	214646	138991	44676877	256	62062	178276	16063	20971520	77489	0	0	0	60062500	6	multi	318
65536	pread_nowait_prefetch	frames_250k_live.sbnd	cold	forward	full	16384	7	320	320	202792	46316	137831	50835	27151424	510	59114	233004	8222	20971520	63544	0	0	0	47948900	6	multi	81
65536	pread_blocking_pooled	frames_250k_live.sbnd	cold	forward	full	16384	7	320	320	327932	148284	229519	153336	49332258	265	43719	124510	24604	20971520	127837	0	0	0	74008233	6	multi	320
65536	uring_nowait_hybrid	frames_250k_live.sbnd	cold	forward	full	16384	7	320	320	347680	145673	261061	148170	47886343	355	19796	278059	38157	20971520	89031	0	0	0	74661373	5	multi	317
65536	pread_nowait_chunked	frames_250k_live.sbnd	cold	forward	full	16384	8	320	320	262786	143740	259420	148007	47587686	266	20299	235393	35143	20971520	82937	0	0	0	67814775	6	multi	317
65536	pread_nowait_prefetch	frames_250k_live.sbnd	cold	forward	full	16384	8	320	320	305178	33283	193549	58496	29220512	264	55608	224455	12362	20971520	99439	0	0	0	45920754	6	multi	85
65536	pread_blocking_pooled	frames_250k_live.sbnd	cold	forward	full	16384	8	320	320	399697	152970	330918	161681	52073661	392	44969	166694	18383	20971520	130234	0	0	0	78939783	7	multi	320
65536	uring_nowait_hybrid	frames_250k_live.sbnd	cold	forward	full	16384	8	320	320	373100	129058	223065	131870	42635500	354	24794	216457	28376	20971520	83025	0	0	0	66567758	5	multi	318
65536	pread_nowait_chunked	frames_250k_live.sbnd	cold	forward	full	16384	9	320	320	333891	134475	253561	141121	45444793	283	60674	178540	17748	20971520	77436	0	0	0	64264395	6	multi	316
65536	pread_nowait_prefetch	frames_250k_live.sbnd	cold	forward	full	16384	9	320	320	199116	27684	150567	42042	25619055	501	70868	180171	6129	20971520	73372	0	0	0	38647663	6	multi	43
65536	pread_blocking_pooled	frames_250k_live.sbnd	cold	forward	full	16384	9	320	320	412642	155692	275687	166017	53473944	417	46487	133401	18571	20971520	134157	0	0	0	81481084	7	multi	320
65536	uring_nowait_hybrid	frames_250k_live.sbnd	cold	forward	full	16384	9	320	320	395723	133515	228476	139006	45079490	382	20835	388390	28819	20971520	77219	0	0	0	70571601	5	multi	317
65536	pread_nowait_chunked	frames_250k_live.sbnd	warm	forward	full	16384	1	320	320	49734	10828	41055	12576	4108585	258	14519	45405	4735	20971520	0	0	0	0	9154319	5	multi	0
65536	pread_nowait_prefetch	frames_250k_live.sbnd	warm	forward	full	16384	1	320	320	41365	12300	45103	15566	5270151	267	15199	53195	5847	20971520	0	0	0	0	11617736	5	multi	0
65536	pread_blocking_pooled	frames_250k_live.sbnd	warm	forward	full	16384	1	320	320	130092	53235	94960	54449	17579763	259	29539	63771	8549	20971520	30802	0	0	0	27365927	6	multi	320
65536	uring_nowait_hybrid	frames_250k_live.sbnd	warm	forward	full	16384	1	320	320	39552	10852	46700	13652	4511632	267	15403	126548	5240	20971520	0	0	0	0	10083613	5	multi	0
65536	pread_nowait_chunked	frames_250k_live.sbnd	warm	forward	full	16384	2	320	320	50400	11617	48456	13608	4428292	286	17958	53469	4279	20971520	0	0	0	0	9782037	5	multi	0
65536	pread_nowait_prefetch	frames_250k_live.sbnd	warm	forward	full	16384	2	320	320	47010	10638	42386	12953	4414384	257	14816	92915	6287	20971520	0	0	0	0	9629980	5	multi	0
65536	pread_blocking_pooled	frames_250k_live.sbnd	warm	forward	full	16384	2	320	320	125752	59033	108144	63096	20349680	276	29008	109713	9321	20971520	33739	0	0	0	31639418	7	multi	320
65536	uring_nowait_hybrid	frames_250k_live.sbnd	warm	forward	full	16384	2	320	320	51286	10880	45320	12891	4273554	257	17265	119444	5554	20971520	0	0	0	0	9351105	5	multi	0
65536	pread_nowait_chunked	frames_250k_live.sbnd	warm	forward	full	16384	3	320	320	54900	10859	46005	13440	4371920	256	15266	74288	4904	20971520	0	0	0	0	9917547	5	multi	0
65536	pread_nowait_prefetch	frames_250k_live.sbnd	warm	forward	full	16384	3	320	320	47151	9909	42264	11519	3947298	258	17194	67892	5467	20971520	0	0	0	0	8839448	5	multi	0
65536	pread_blocking_pooled	frames_250k_live.sbnd	warm	forward	full	16384	3	320	320	105258	53928	112388	57229	18459771	261	30320	78948	8582	20971520	32510	0	0	0	28713714	7	multi	320
65536	uring_nowait_hybrid	frames_250k_live.sbnd	warm	forward	full	16384	3	320	320	42780	12435	52640	15794	5199053	256	15482	127606	6189	20971520	0	0	0	0	10984513	5	multi	0
65536	pread_nowait_chunked	frames_250k_live.sbnd	warm	forward	full	16384	4	320	320	49287	10238	45204	12435	4049015	266	15922	48903	4966	20971520	0	0	0	0	8888746	5	multi	0
65536	pread_nowait_prefetch	frames_250k_live.sbnd	warm	forward	full	16384	4	320	320	51166	10856	38225	13607	4633389	267	17246	53850	5327	20971520	0	0	0	0	9617851	5	multi	0
65536	pread_blocking_pooled	frames_250k_live.sbnd	warm	forward	full	16384	4	320	320	103189	51404	101541	53804	17349257	271	29136	72146	7238	20971520	30392	0	0	0	26392168	6	multi	320
65536	uring_nowait_hybrid	frames_250k_live.sbnd	warm	forward	full	16384	4	320	320	37675	10038	35005	11150	3777485	263	17133	192030	5299	20971520	0	0	0	0	8323117	5	multi	0
65536	pread_nowait_chunked	frames_250k_live.sbnd	warm	forward	full	16384	5	320	320	46158	11305	42865	13853	4493003	267	15317	46125	4437	20971520	0	0	0	0	9695465	5	multi	0
65536	pread_nowait_prefetch	frames_250k_live.sbnd	warm	forward	full	16384	5	320	320	56281	11860	43057	16329	5525506	263	24441	106538	5256	20971520	0	0	0	0	10246597	5	multi	0
65536	pread_blocking_pooled	frames_250k_live.sbnd	warm	forward	full	16384	5	320	320	103599	58056	112121	60294	19436671	287	30778	102308	6487	20971520	32782	0	0	0	29779316	7	multi	320
65536	uring_nowait_hybrid	frames_250k_live.sbnd	warm	forward	full	16384	5	320	320	49941	11128	54128	17181	5687931	266	27100	171412	4415	20971520	0	0	0	0	10118067	5	multi	0
65536	pread_nowait_chunked	frames_250k_live.sbnd	warm	forward	full	16384	6	320	320	69038	11695	53346	15610	5086139	279	25654	96467	3921	20971520	0	0	0	0	9982734	5	multi	0
65536	pread_nowait_prefetch	frames_250k_live.sbnd	warm	forward	full	16384	6	320	320	55207	13062	53197	18487	6207992	263	28079	112059	4287	20971520	0	0	0	0	11003007	5	multi	0
65536	pread_blocking_pooled	frames_250k_live.sbnd	warm	forward	full	16384	6	320	320	147778	63310	119767	66227	21394571	275	31154	133132	8044	20971520	34956	0	0	0	33346078	7	multi	320
65536	uring_nowait_hybrid	frames_250k_live.sbnd	warm	forward	full	16384	6	320	320	38320	9883	38301	11081	3680125	264	16832	117926	4781	20971520	0	0	0	0	8415651	5	multi	0
65536	pread_nowait_chunked	frames_250k_live.sbnd	warm	forward	full	16384	7	320	320	58563	11711	55212	18567	6017501	283	27842	58161	3420	20971520	0	0	0	0	9941811	5	multi	0
65536	pread_nowait_prefetch	frames_250k_live.sbnd	warm	forward	full	16384	7	320	320	42972	10306	41745	13720	4657455	258	21172	49925	4613	20971520	0	0	0	0	9013000	5	multi	0
65536	pread_blocking_pooled	frames_250k_live.sbnd	warm	forward	full	16384	7	320	320	120024	57763	110406	59225	19113152	270	30555	102974	7465	20971520	34412	0	0	0	29157561	6	multi	320
65536	uring_nowait_hybrid	frames_250k_live.sbnd	warm	forward	full	16384	7	320	320	40317	10474	47558	12164	4020233	255	17251	113200	5179	20971520	0	0	0	0	9043266	5	multi	0
65536	pread_nowait_chunked	frames_250k_live.sbnd	warm	forward	full	16384	8	320	320	31121	13010	49581	17416	5622280	527	24620	48454	3269	20971520	0	0	0	0	10778518	5	multi	0
65536	pread_nowait_prefetch	frames_250k_live.sbnd	warm	forward	full	16384	8	320	320	55304	11504	42204	14327	4862798	261	17594	72608	4873	20971520	0	0	0	0	9982757	5	multi	0
65536	pread_blocking_pooled	frames_250k_live.sbnd	warm	forward	full	16384	8	320	320	154178	72377	154642	78149	25207715	409	35155	139877	8971	20971520	36200	0	0	0	37643581	7	multi	320
65536	uring_nowait_hybrid	frames_250k_live.sbnd	warm	forward	full	16384	8	320	320	29773	13160	44742	14985	4920110	255	14672	36189	7505	20971520	0	0	0	0	10897315	5	multi	0
65536	pread_nowait_chunked	frames_250k_live.sbnd	warm	forward	full	16384	9	320	320	54762	10902	50474	17320	5617884	260	26547	68360	3967	20971520	0	0	0	0	9558746	5	multi	0
65536	pread_nowait_prefetch	frames_250k_live.sbnd	warm	forward	full	16384	9	320	320	29446	10823	50846	13192	4456838	495	15769	112248	3990	20971520	0	0	0	0	9718738	5	multi	0
65536	pread_blocking_pooled	frames_250k_live.sbnd	warm	forward	full	16384	9	320	320	100374	57554	116493	61322	19754939	265	28780	94172	9036	20971520	35283	0	0	0	30257890	7	multi	320
65536	uring_nowait_hybrid	frames_250k_live.sbnd	warm	forward	full	16384	9	320	320	20798	10842	36556	12498	4115333	261	16875	59873	5942	20971520	0	0	0	0	9510149	5	multi	0
250000	pread_nowait_chunked	frames_250k_live.sbnd	cold	forward	full	16384	1	320	320	428089	1142030	2859060	1015664	324535334	453	16266	1784860	138779	80000000	2357788	0	0	0	542170720	6	multi	4
250000	pread_nowait_prefetch	frames_250k_live.sbnd	cold	forward	full	16384	1	320	320	523083	84184	351177	119748	56939908	259	24625	151402	36652	80000000	183353	0	0	0	96463459	6	multi	69
250000	pread_blocking_pooled	frames_250k_live.sbnd	cold	forward	full	16384	1	320	320	1139926	119745	1442746	167513	54685907	272	18693	116615	39772	80000000	57358	0	0	0	93689895	6	multi	320
250000	uring_nowait_hybrid	frames_250k_live.sbnd	cold	forward	full	16384	1	320	320	410362	41277	2535562	165649	53556712	423	16540	492045	25651	80000000	2406767	0	0	0	76926702	5	multi	8
250000	pread_nowait_chunked	frames_250k_live.sbnd	cold	forward	full	16384	2	320	320	525117	55184	1758148	339950	109092596	277	16313	372462	82915	80000000	1664599	0	0	0	199128233	6	multi	7
250000	pread_nowait_prefetch	frames_250k_live.sbnd	cold	forward	full	16384	2	320	320	448679	119893	422051	165995	69729119	258	21146	231032	49656	80000000	212449	0	0	0	111060458	6	multi	123
250000	pread_blocking_pooled	frames_250k_live.sbnd	cold	forward	full	16384	2	320	320	996784	168762	1286556	209501	67957666	257	17672	174525	55093	80000000	77426	0	0	0	121177674	6	multi	320
250000	uring_nowait_hybrid	frames_250k_live.sbnd	cold	forward	full	16384	2	320	320	461918	53014	2252378	99193	32293173	423	17390	148965	22719	80000000	2271160	0	0	0	58423605	5	multi	6
250000	pread_nowait_chunked	frames_250k_live.sbnd	cold	forward	full	16384	3	320	320	415760	46516	2573849	138558	44670212	257	15849	160806	45013	80000000	2380054	0	0	0	80286661	6	multi	7
250000	pread_nowait_prefetch	frames_250k_live.sbnd	cold	forward	full	16384	3	320	320	546737	124851	338827	132015	61527969	534	83313	700813	13103	80000000	146502	0	0	0	79710484	6	multi	24
250000	pread_blocking_pooled	frames_250k_live.sbnd	cold	forward	full	16384	3	320	320	751077	161781	1434005	202953	65624267	315	18538	106755	38399	80000000	72564	0	0	0	112572442	6	multi	320
250000	uring_nowait_hybrid	frames_250k_live.sbnd	cold	forward	full	16384	3	320	320	449082	1108656	2950527	971168	310546752	496	20857	318337	135999	80000000	2460607	0	0	0	682854726	5	multi	4
250000	pread_nowait_chunked	frames_250k_live.sbnd	cold	forward	full	16384	4	320	320	462646	1098598	3005004	877799	280575935	261	17649	244819	297792	80000000	777511	0	0	0	614402511	6	multi	3
250000	pread_nowait_prefetch	frames_250k_live.sbnd	cold	forward	full	16384	4	320	320	517707	108895	330350	118860	56137733	256	28102	254986	27981	80000000	158779	0	0	0	78040586	6	multi	39
250000	pread_blocking_pooled	frames_250k_live.sbnd	cold	forward	full	16384	4	320	320	1043281	177476	322251	183964	59853969	262	19845	110564	35931	80000000	75083	0	0	0	97077071	6	multi	320
250000	uring_nowait_hybrid	frames_250k_live.sbnd	cold	forward	full	16384	4	320	320	416113	47630	2434395	170802	55126254	368	16632	360181	36492	80000000	2343923	0	0	0	95980536	5	multi	7
250000	pread_nowait_chunked	frames_250k_live.sbnd	cold	forward	full	16384	5	320	320	602946	46827	3135796	108795	35361313	257	16886	242198	37783	80000000	2975956	0	0	0	58262370	6	multi	7
250000	pread_nowait_prefetch	frames_250k_live.sbnd	cold	forward	full	16384	5	320	320	471450	105511	404155	145006	61854261	445	24476	224132	34873	80000000	195917	0	0	0	99509085	6	multi	104
250000	pread_blocking_pooled	frames_250k_live.sbnd	cold	forward	full	16384	5	320	320	735661	127405	306021	143624	46651178	340	21448	294885	26953	80000000	56481	0	0	0	75261452	6	multi	320
250000	uring_nowait_hybrid	frames_250k_live.sbnd	cold	forward	full	16384	5	320	320	416521	39787	2466012	94023	30607276	472	16129	108597	23966	80000000	2374257	0	0	0	51639561	5	multi	7
250000	pread_nowait_chunked	frames_250k_live.sbnd	cold	forward	full	16384	6	320	320	489355	50849	2819393	149523	48243917	256	17885	121601	48333	80000000	2731037	0	0	0	90827044	6	multi	6
250000	pread_nowait_prefetch	frames_250k_live.sbnd	cold	forward	full	16384	6	320	320	412293	100194	380443	115314	53951249	433	25549	254495	26745	80000000	155148	0	0	0	80432541	6	multi	56
250000	pread_blocking_pooled	frames_250k_live.sbnd	cold	forward	full	16384	6	320	320	871176	1168177	3001341	903120	289110782	256	16516	217952	273782	80000000	1116073	0	0	0	609109517	6	multi	320
250000	uring_nowait_hybrid	frames_250k_live.sbnd	cold	forward	full	16384	6	320	320	483589	40819	1493512	197814	63747668	497	15910	74013	52572	80000000	2492623	0	0	0	126619361	5	multi	6
250000	pread_nowait_chunked	frames_250k_live.sbnd	cold	forward	full	16384	7	320	320	397793	37637	2384230	207858	66759839	255	15097	183668	73070	80000000	2251773	0	0	0	128112004	6	multi	7
250000	pread_nowait_prefetch	frames_250k_live.sbnd	cold	forward	full	16384	7	320	320	468193	108832	375664	120296	55908358	256	24949	275324	31357	80000000	164157	0	0	0	80488345	6	multi	55
250000	pread_blocking_pooled	frames_250k_live.sbnd	cold	forward	full	16384	7	320	320	882838	204386	308715	201343	65214689	468	21022	84188	27690	80000000	75163	0	0	0	103264068	6	multi	320
250000	uring_nowait_hybrid	frames_250k_live.sbnd	cold	forward	full	16384	7	320	320	376842	39726	2880774	98870	32126102	410	15863	261101	25578	80000000	2791327	0	0	0	53437943	5	multi	7
250000	pread_nowait_chunked	frames_250k_live.sbnd	cold	forward	full	16384	8	320	320	492218	37482	2740972	143442	46310548	258	15888	176826	40850	80000000	2572611	0	0	0	86900980	6	multi	7
250000	pread_nowait_prefetch	frames_250k_live.sbnd	cold	forward	full	16384	8	320	320	605279	109226	295433	118200	55392755	500	70103	301567	16930	80000000	157784	0	0	0	75238708	6	multi	28
250000	pread_blocking_pooled	frames_250k_live.sbnd	cold	forward	full	16384	8	320	320	921238	123214	298191	151014	49203779	338	19847	118980	30786	80000000	61264	0	0	0	79797376	7	multi	320
250000	uring_nowait_hybrid	frames_250k_live.sbnd	cold	forward	full	16384	8	320	320	478458	41671	2786588	100454	32653577	851	23468	127219	7571	80000000	2704457	0	0	0	57669124	5	multi	7
250000	pread_nowait_chunked	frames_250k_live.sbnd	cold	forward	full	16384	9	320	320	518791	37112	2559934	91566	29773463	321	15712	161516	26207	80000000	2450156	0	0	0	49485800	6	multi	7
250000	pread_nowait_prefetch	frames_250k_live.sbnd	cold	forward	full	16384	9	320	320	534854	128766	635784	228975	91876468	259	30093	785008	44533	80000000	172195	0	0	0	135617281	6	multi	77
250000	pread_blocking_pooled	frames_250k_live.sbnd	cold	forward	full	16384	9	320	320	1871404	1258749	2241023	1002417	321809341	273	18040	225100	228269	80000000	1151977	0	0	0	668143184	6	multi	320
250000	uring_nowait_hybrid	frames_250k_live.sbnd	cold	forward	full	16384	9	320	320	570938	63393	2545514	482310	154700156	355	17993	222537	101844	80000000	2369101	0	0	0	322097766	5	multi	7
250000	pread_nowait_chunked	frames_250k_live.sbnd	warm	forward	full	16384	1	320	320	147908	45020	102737	52216	16847300	256	17276	54186	24419	80000000	0	0	0	0	36727782	5	multi	0
250000	pread_nowait_prefetch	frames_250k_live.sbnd	warm	forward	full	16384	1	320	320	219335	51187	134873	58104	19394597	386	17787	116025	13616	80000000	0	0	0	0	42638658	5	multi	0
250000	pread_blocking_pooled	frames_250k_live.sbnd	warm	forward	full	16384	1	320	320	270552	150741	263150	159820	51380385	267	19997	132430	30780	80000000	70875	0	0	0	84461296	6	multi	320
250000	uring_nowait_hybrid	frames_250k_live.sbnd	warm	forward	full	16384	1	320	320	149699	45697	123496	52177	16916413	417	17906	126440	13984	80000000	0	0	0	0	38076564	5	multi	0
250000	pread_nowait_chunked	frames_250k_live.sbnd	warm	forward	full	16384	2	320	320	165944	51234	150669	59716	19268988	466	21534	83488	12905	80000000	0	0	0	0	39518711	5	multi	0
250000	pread_nowait_prefetch	frames_250k_live.sbnd	warm	forward	full	16384	2	320	320	117575	49110	135581	62448	20539933	487	25128	76721	11341	80000000	0	0	0	0	40843086	5	multi	0
250000	pread_blocking_pooled	frames_250k_live.sbnd	warm	forward	full	16384	2	320	320	348564	122910	223445	125846	40594823	263	20066	101253	26279	80000000	63027	0	0	0	67525554	7	multi	320
250000	uring_nowait_hybrid	frames_250k_live.sbnd	warm	forward	full	16384	2	320	320	101870	48227	110693	55708	17988412	252	15721	76250	19389	80000000	0	0	0	0	39884879	5	multi	0
250000	pread_nowait_chunked	frames_250k_live.sbnd	warm	forward	full	16384	3	320	320	166573	44898	116776	51032	16487010	251	17022	57238	23043	80000000	0	0	0	0	36249048	5	multi	0
250000	pread_nowait_prefetch	frames_250k_live.sbnd	warm	forward	full	16384	3	320	320	170908	47910	96426	53719	17820203	392	17916	63095	15200	80000000	0	0	0	0	39652137	5	multi	0
250000	pread_blocking_pooled	frames_250k_live.sbnd	warm	forward	full	16384	3	320	320	292567	118689	246793	126105	40632894	264	20012	99518	26941	80000000	66331	0	0	0	70793363	6	multi	320
250000	uring_nowait_hybrid	frames_250k_live.sbnd	warm	forward	full	16384	3	320	320	141872	46421	125119	55309	17929796	253	17379	145350	21625	80000000	0	0	0	0	39099555	5	multi	0
250000	pread_nowait_chunked	frames_250k_live.sbnd	warm	forward	full	16384	4	320	320	182707	43377	97174	48578	15719007	254	17418	85756	19349	80000000	0	0	0	0	34745949	5	multi	0
250000	pread_nowait_prefetch	frames_250k_live.sbnd	warm	forward	full	16384	4	320	320	79899	42811	91441	47605	15743294	256	17180	58286	21009	80000000	0	0	0	0	35231152	5	multi	0
250000	pread_blocking_pooled	frames_250k_live.sbnd	warm	forward	full	16384	4	320	320	359150	145428	263316	150748	48558173	257	19063	90394	36651	80000000	77138	0	0	0	80310210	7	multi	320
250000	uring_nowait_hybrid	frames_250k_live.sbnd	warm	forward	full	16384	4	320	320	155433	43786	99666	50718	16492399	256	17119	154812	23463	80000000	0	0	0	0	36457585	5	multi	0
250000	pread_nowait_chunked	frames_250k_live.sbnd	warm	forward	full	16384	5	320	320	145478	45792	122864	54038	17425372	262	15806	58064	15214	80000000	0	0	0	0	36903482	5	multi	0
250000	pread_nowait_prefetch	frames_250k_live.sbnd	warm	forward	full	16384	5	320	320	86488	45219	96523	52194	17290928	257	16220	72063	21660	80000000	0	0	0	0	38738907	5	multi	0
250000	pread_blocking_pooled	frames_250k_live.sbnd	warm	forward	full	16384	5	320	320	335910	154151	282085	164251	52857664	261	19399	103894	33261	80000000	73516	0	0	0	87022716	6	multi	320
250000	uring_nowait_hybrid	frames_250k_live.sbnd	warm	forward	full	16384	5	320	320	75169	49568	100063	55290	17857094	254	17033	57203	24145	80000000	0	0	0	0	39600477	5	multi	0
250000	pread_nowait_chunked	frames_250k_live.sbnd	warm	forward	full	16384	6	320	320	145268	47839	147675	61966	19955742	489	25330	119407	10888	80000000	0	0	0	0	38641179	5	multi	0
250000	pread_nowait_prefetch	frames_250k_live.sbnd	warm	forward	full	16384	6	320	320	108311	46295	97045	52301	17267303	257	17126	60099	22057	80000000	0	0	0	0	38063243	5	multi	0
250000	pread_blocking_pooled	frames_250k_live.sbnd	warm	forward	full	16384	6	320	320	305983	191858	311455	187611	60319948	459	28822	73603	23294	80000000	72965	0	0	0	94170625	6	multi	320
250000	uring_nowait_hybrid	frames_250k_live.sbnd	warm	forward	full	16384	6	320	320	83296	49668	109993	56415	18222126	342	17050	63738	15978	80000000	0	0	0	0	41220921	5	multi	0
250000	pread_nowait_chunked	frames_250k_live.sbnd	warm	forward	full	16384	7	320	320	157365	46372	115067	53614	17305697	256	16984	59754	21104	80000000	0	0	0	0	38334105	5	multi	0
250000	pread_nowait_prefetch	frames_250k_live.sbnd	warm	forward	full	16384	7	320	320	165681	62449	185296	80084	26485883	460	28001	97297	14222	80000000	0	0	0	0	49188462	5	multi	0
250000	pread_blocking_pooled	frames_250k_live.sbnd	warm	forward	full	16384	7	320	320	260639	148277	419046	166163	53402180	259	19738	87743	34881	80000000	72342	0	0	0	86801111	6	multi	320
250000	uring_nowait_hybrid	frames_250k_live.sbnd	warm	forward	full	16384	7	320	320	73282	47088	99646	52882	17173843	257	15979	89027	17797	80000000	0	0	0	0	38808540	5	multi	0
250000	pread_nowait_chunked	frames_250k_live.sbnd	warm	forward	full	16384	8	320	320	100922	50442	103448	55663	17906844	256	16718	94288	20460	80000000	0	0	0	0	39968685	5	multi	0
250000	pread_nowait_prefetch	frames_250k_live.sbnd	warm	forward	full	16384	8	320	320	80600	46267	96243	53017	17468967	258	17476	73154	19566	80000000	0	0	0	0	38787681	5	multi	0
250000	pread_blocking_pooled	frames_250k_live.sbnd	warm	forward	full	16384	8	320	320	251017	123548	251229	128947	41484456	283	20274	83097	28165	80000000	66267	0	0	0	72979936	6	multi	320
250000	uring_nowait_hybrid	frames_250k_live.sbnd	warm	forward	full	16384	8	320	320	118946	47225	103159	52996	17184214	258	15438	133274	16739	80000000	0	0	0	0	38123893	5	multi	0
250000	pread_nowait_chunked	frames_250k_live.sbnd	warm	forward	full	16384	9	320	320	170660	49944	150810	59222	19104490	499	19056	157985	12169	80000000	0	0	0	0	40150678	5	multi	0
250000	pread_nowait_prefetch	frames_250k_live.sbnd	warm	forward	full	16384	9	320	320	81404	45937	92953	50901	16893343	386	18188	67769	15135	80000000	0	0	0	0	37797603	5	multi	0
250000	pread_blocking_pooled	frames_250k_live.sbnd	warm	forward	full	16384	9	320	320	221060	148792	316252	154703	49685252	270	21340	82174	29171	80000000	70391	0	0	0	80374279	6	multi	320
250000	uring_nowait_hybrid	frames_250k_live.sbnd	warm	forward	full	16384	9	320	320	137473	47065	124169	55328	17903882	257	16055	118470	17248	80000000	0	0	0	0	37845041	5	multi	0
