arm	study	temp	trace	frames	first_frame_ns	later_p50_ns	later_p99_ns	later_mean_ns	series_wall_ns	stall_mean_ns	stall_max_ns	stall_samples	bytes_copied	cpu_user_us	cpu_sys_us	rss_delta_bytes	hop_p50_ns
mmap_naive	frames_32k.sbnd	cold	forward	80	555	2076	108461	17163	1359939	870835	870835	1	0	0	706	2600960	0
mmap_blocking_touch	frames_32k.sbnd	cold	forward	80	108461	11385	66500	20026	1695561	879487	1245715	2	0	0	1567	2514944	11186
pread_blocking	frames_32k.sbnd	cold	forward	80	98062	15582	51670	22829	1918471	990306	1482931	2	2560000	39	1790	94208	15519
mmap_willneed	frames_32k.sbnd	cold	forward	80	1723	2319	87074	13279	1054186	559638	559638	1	0	176	352	2498560	0
mmap_willneed_next	frames_32k.sbnd	cold	forward	80	1618	12893	37352	20164	1599383	1104992	1104992	1	0	0	781	2498560	0
mmap_blocking_ahead_2	frames_32k.sbnd	cold	forward	80	213167	11606	72861	20679	1851568	956729	1386287	2	0	0	1726	2498560	11582
mmap_naive	frames_32k.sbnd	cold	reverse	80	83953	1612	76463	22624	1874765	1380206	1380206	1	0	0	686	2498560	0
mmap_blocking_touch	frames_32k.sbnd	cold	reverse	80	176615	11650	93358	34047	2871575	811993	1439777	3	0	1561	0	2498560	11456
pread_blocking	frames_32k.sbnd	cold	reverse	80	174296	62435	79171	60406	4963079	705710	1522118	5	2560000	0	2800	0	62369
mmap_willneed	frames_32k.sbnd	cold	reverse	80	40419	34290	38203	32464	2611054	2117066	2117066	1	0	0	1027	2498560	0
mmap_willneed_next	frames_32k.sbnd	cold	reverse	80	44845	11178	278082	39154	3143595	2649693	2649693	1	0	0	852	2498560	0
mmap_blocking_ahead_2	frames_32k.sbnd	cold	reverse	80	204615	11747	103841	34052	2899830	820782	1406503	3	0	0	1606	2498560	11565
mmap_naive	frames_32k.sbnd	cold	random	80	105292	1735	111891	16034	1375249	881815	881815	1	0	0	629	2498560	0
mmap_blocking_touch	frames_32k.sbnd	cold	random	80	221196	11972	136146	27242	2377962	646550	940225	3	0	0	1548	2498560	11737
pread_blocking	frames_32k.sbnd	cold	random	80	109506	54536	279551	69851	5643427	617430	1161024	6	2560000	0	2386	0	54709
mmap_willneed	frames_32k.sbnd	cold	random	80	281707	38271	283717	51110	4324743	3831029	3831029	1	0	0	1082	2498560	0
mmap_willneed_next	frames_32k.sbnd	cold	random	80	57985	14633	38114	22233	1819268	1324834	1324834	1	0	0	910	2498560	0
mmap_blocking_ahead_2	frames_32k.sbnd	cold	random	80	443560	12072	356290	37312	3395381	607960	935544	4	0	0	1926	2498560	11832
mmap_naive	frames_32k.sbnd	warm	forward	80	290	52	145	69	8172	575457	575457	1	0	0	52	0	0
mmap_blocking_touch	frames_32k.sbnd	warm	forward	80	195488	10075	10805	10418	1023008	529357	559807	2	0	0	994	4096	9912
pread_blocking	frames_32k.sbnd	warm	forward	80	248905	12894	14888	13089	1298255	679433	855486	2	2560000	0	1274	0	12850
mmap_willneed	frames_32k.sbnd	warm	forward	80	2500	299	448	311	29733	593425	593425	1	0	0	61	0	0
mmap_willneed_next	frames_32k.sbnd	warm	forward	80	1520	523	632	530	46074	611143	611143	1	0	0	70	0	0
mmap_blocking_ahead_2	frames_32k.sbnd	warm	forward	80	192093	10338	14386	10718	1043635	553006	609491	2	0	0	981	0	10054
mmap_naive	frames_32k.sbnd	warm	reverse	80	320	63	130	66	8062	573987	573987	1	0	0	35	0	0
mmap_blocking_touch	frames_32k.sbnd	warm	reverse	80	81691	10058	13469	10156	889256	1450872	1450872	1	0	0	847	0	9810
pread_blocking	frames_32k.sbnd	warm	reverse	80	254150	12885	14822	13395	1327089	694944	889586	2	2560000	0	1298	0	12835
mmap_willneed	frames_32k.sbnd	warm	reverse	80	2192	301	408	307	29118	593578	593578	1	0	0	54	0	0
mmap_willneed_next	frames_32k.sbnd	warm	reverse	80	2806	563	638	565	50305	615080	615080	1	0	0	73	0	0
mmap_blocking_ahead_2	frames_32k.sbnd	warm	reverse	80	217235	9445	10703	9795	995741	499074	499074	1	0	112	785	0	9181
mmap_naive	frames_32k.sbnd	warm	random	80	319	61	154	71	8341	570459	570459	1	0	4	26	0	0
mmap_blocking_touch	frames_32k.sbnd	warm	random	80	267045	9803	11661	10123	1071927	566137	629572	2	0	129	905	0	9579
pread_blocking	frames_32k.sbnd	warm	random	80	200681	12502	18599	12986	1242245	650948	804664	2	2560000	0	1226	0	12443
mmap_willneed	frames_32k.sbnd	warm	random	80	1668	303	498	320	29589	593210	593210	1	0	0	68	0	0
mmap_willneed_next	frames_32k.sbnd	warm	random	80	1332	539	916	681	58018	620092	620092	1	0	0	78	0	0
mmap_blocking_ahead_2	frames_32k.sbnd	warm	random	80	196376	10216	11914	10433	1025343	542073	579862	2	0	0	984	0	9951
mmap_naive	frames_250k.sbnd	cold	forward	80	139623	139064	144957	132175	10587304	10097388	10097388	1	0	0	4599	19939328	0
mmap_blocking_touch	frames_250k.sbnd	cold	forward	80	520854	145453	451551	171363	14063679	508280	760418	15	0	0	6030	19939328	145643
pread_blocking	frames_250k.sbnd	cold	forward	80	799938	115139	721323	203330	16879502	555493	1360219	17	20000000	0	8979	221184	115065
mmap_willneed	frames_250k.sbnd	cold	forward	80	97324	142089	254319	148528	11836271	11346776	11346776	1	0	0	4750	19939328	0
mmap_willneed_next	frames_250k.sbnd	cold	forward	80	151213	103616	131826	94216	7599450	7108630	7108630	1	0	0	4419	19939328	0
mmap_blocking_ahead_2	frames_250k.sbnd	cold	forward	80	914262	156996	448919	192323	16112548	510274	762716	17	0	0	6991	19939328	156852
mmap_naive	frames_250k.sbnd	cold	reverse	80	228931	184973	203847	183273	14712980	14223232	14223232	1	0	82	5240	19939328	0
mmap_blocking_touch	frames_250k.sbnd	cold	reverse	80	515801	209526	268735	210386	17140444	511203	635932	18	0	0	6718	19939328	209750
pread_blocking	frames_250k.sbnd	cold	reverse	80	700289	267669	508485	295410	24054781	504555	788779	25	20000000	0	12205	0	269219
mmap_willneed	frames_250k.sbnd	cold	reverse	80	147527	138272	148551	137684	11030087	10540609	10540609	1	0	0	4824	19939328	0
mmap_willneed_next	frames_250k.sbnd	cold	reverse	80	164058	97010	354765	112765	9077705	8587647	8587647	1	0	0	4798	19939328	0
mmap_blocking_ahead_2	frames_250k.sbnd	cold	reverse	80	1590815	191412	717426	220655	19027217	504393	840587	20	0	0	6916	19939328	191653
mmap_naive	frames_250k.sbnd	cold	random	80	535716	165112	557832	152949	12624263	12135262	12135262	1	0	0	5044	19939328	0
mmap_blocking_touch	frames_250k.sbnd	cold	random	80	538109	177960	304255	149488	12352003	531707	802878	13	0	0	6163	19939328	183053
pread_blocking	frames_250k.sbnd	cold	random	80	672915	247878	465212	273823	22322095	516743	812535	23	20000000	0	12496	0	248002
mmap_willneed	frames_250k.sbnd	cold	random	80	313523	138720	347634	166694	13487597	12998860	12998860	1	0	0	4805	19939328	0
mmap_willneed_next	frames_250k.sbnd	cold	random	80	338059	98127	134453	97525	8047906	7558371	7558371	1	0	0	4691	19939328	0
mmap_blocking_ahead_2	frames_250k.sbnd	cold	random	80	1545766	191036	546449	181766	15909533	560574	1475635	16	0	3642	2862	19939328	193971
mmap_naive	frames_250k.sbnd	warm	forward	80	1117	887	1237	870	72772	634933	634933	1	0	0	101	0	0
mmap_blocking_touch	frames_250k.sbnd	warm	forward	80	251911	10480	12013	10736	1104525	582258	668086	2	0	0	1068	0	10249
pread_blocking	frames_250k.sbnd	warm	forward	80	277941	34885	54019	38135	3307054	591588	842446	4	20000000	3133	0	0	34830
mmap_willneed	frames_250k.sbnd	warm	forward	80	3838	1682	1907	1652	137500	702899	702899	1	0	6	158	0	0
mmap_willneed_next	frames_250k.sbnd	warm	forward	80	4611	2468	2833	2451	201452	767703	767703	1	0	228	0	0	0
mmap_blocking_ahead_2	frames_250k.sbnd	warm	forward	80	198011	10815	17288	11188	1085839	572811	646315	2	0	1045	0	0	10574
mmap_naive	frames_250k.sbnd	warm	reverse	80	292	860	1298	811	67520	632192	632192	1	0	93	0	0	0
mmap_blocking_touch	frames_250k.sbnd	warm	reverse	80	208385	10728	12459	10961	1078634	568867	633543	2	0	1039	0	0	10498
pread_blocking	frames_250k.sbnd	warm	reverse	80	310624	36045	65066	37093	3257355	579083	787306	4	20000000	1452	1716	0	35990
mmap_willneed	frames_250k.sbnd	warm	reverse	80	3186	1711	1874	1661	137651	702726	702726	1	0	0	178	0	0
mmap_willneed_next	frames_250k.sbnd	warm	reverse	80	2975	2451	2604	2394	195369	760603	760603	1	0	0	221	0	0
mmap_blocking_ahead_2	frames_250k.sbnd	warm	reverse	80	88007	10728	14819	10880	951567	1511232	1511232	1	0	0	921	0	10482
mmap_naive	frames_250k.sbnd	warm	random	80	1218	825	1145	816	68403	633456	633456	1	0	0	94	0	0
mmap_blocking_touch	frames_250k.sbnd	warm	random	80	200089	10477	11982	10707	1050203	554595	611632	2	0	0	1016	0	10242
pread_blocking	frames_250k.sbnd	warm	random	80	229757	35381	44549	35107	3019966	519776	558706	4	20000000	0	2963	0	35328
mmap_willneed	frames_250k.sbnd	warm	random	80	4101	1671	2131	1661	138616	706998	706998	1	0	0	175	0	0
mmap_willneed_next	frames_250k.sbnd	warm	random	80	4152	2453	3054	2584	211611	776370	776370	1	0	236	0	0	0
mmap_blocking_ahead_2	frames_250k.sbnd	warm	random	80	245187	10520	32564	11557	1162314	610749	724117	2	0	943	145	0	10264
