arm	rtt_nom_ms	loss_pct	run	path_rtt_ms	p95_lateness_ms	mean_lateness_ms	frac_steps_late	p95_wait_ms	mean_wait_ms	bytes_on_wire	asks_sent	unique_frames_asked	duplicate_asks	d_min_observed	d_max_observed	peak_outstanding	wait_samples	stream_mode	drain_incomplete	depth_saturated
dynamic	20	0	1	469	1615.578348	921.6673734117646	0.7478991596638656	464.267453	240.73320030252097	2560320	80	80	823	16	16	16	119	shared	0	1
fixed	20	0	1	469	1616.9941159999998	921.4962462857143	0.7478991596638656	463.204686	240.66130230252097	2560320	80	80	823	16	16	16	119	shared	0	0
control	20	0	1	469	1521.9107510000001	992.9560471008399	0.9747899159663865	1511.6919850000002	757.654477890756	2560320	80	80	36	0	0	59	119	shared	0	0
dynamic	20	0	2	469	1614.109481	920.1437086218486	0.7478991596638656	463.489957	240.88548368907573	2560320	80	80	823	16	16	16	119	shared	0	1
fixed	20	0	2	469	1610.266548	917.6378119159664	0.7478991596638656	464.48265399999997	240.72792640336132	2560320	80	80	823	16	16	16	119	shared	0	0
control	20	0	2	469	1521.214463	991.1947351260504	0.9747899159663865	1510.402037	756.5154794957984	2560320	80	80	36	0	0	59	119	shared	0	0
dynamic	20	0	3	469	1612.387946	919.7513022941177	0.7478991596638656	466.77452600000004	240.8331837478992	2560320	80	80	823	16	16	16	119	shared	0	1
fixed	20	0	3	469	1627.3540180000002	929.5861507142858	0.7478991596638656	471.62692699999997	240.7423171260504	2560320	80	80	823	16	16	16	119	shared	0	0
control	20	0	3	469	1518.4229139999998	991.6131867983191	0.9747899159663865	1515.522491	756.9070771764706	2560320	80	80	36	0	0	59	119	shared	0	0
dynamic	20	0.5	1	479	2968.5643769999997	1441.195236840336	0.7058823529411765	784.2609980000001	342.44192134453795	2560320	80	80	655	11	16	16	119	shared	0	1
fixed	20	0.5	1	479	1760.398469	1020.9192791428574	0.7478991596638656	677.056369	213.5680618991597	2560320	80	80	886	16	16	16	119	shared	0	0
control	20	0.5	1	479	1753.427772	1055.9098496302522	0.9747899159663865	1752.485054	788.0281932521004	2560320	80	80	36	0	0	58	119	shared	0	0
dynamic	20	0.5	2	479	1791.448237	914.9558267142853	0.6890756302521008	703.422899	237.2336666638655	2560320	80	80	719	16	16	16	119	shared	0	1
fixed	20	0.5	2	479	8405.775733	3909.0568537647055	0.7478991596638656	2279.710997	982.7546982521003	2560320	80	80	826	16	16	16	119	shared	0	0
control	20	0.5	2	479	13605.183141	9125.184233689071	1.0	13362.907650000001	5600.609836747897	2560320	80	80	39	0	0	79	119	shared	0	0
dynamic	20	0.5	3	479	9674.125856	4146.6782389831915	0.6554621848739496	2623.055241	645.2059253529414	2560320	80	80	350	4	16	16	119	shared	0	1
fixed	20	0.5	3	479	1852.535838	1051.2927852184873	0.7394957983193278	697.332806	178.04753631932772	2560320	80	80	912	16	16	16	119	shared	0	0
control	20	0.5	3	479	2023.915531	1255.1081785798324	0.9747899159663865	2023.0273730000001	887.7546693529414	2560320	80	80	36	0	0	58	119	shared	0	0
dynamic	60	0	1	526	1739.4427329999999	1013.0536455378153	0.7478991596638656	501.25617300000005	243.23567954621853	2560320	80	80	823	16	16	16	119	shared	0	1
fixed	60	0	1	526	1744.563063	1016.0729195882353	0.7478991596638656	500.929709	243.7073177310925	2560320	80	80	823	16	16	16	119	shared	0	0
control	60	0	1	526	1632.0662320000001	1093.429714109244	0.9915966386554622	1624.6198650000001	825.7503083613445	2560320	80	80	38	0	0	63	119	shared	0	0
dynamic	60	0	2	526	1744.621663	1015.3059801092436	0.7478991596638656	496.072689	243.34225602521005	2560320	80	80	823	16	16	16	119	shared	0	1
fixed	60	0	2	526	1741.950856	1014.9189251092436	0.7478991596638656	501.40160899999995	243.59952228571436	2560320	80	80	823	16	16	16	119	shared	0	0
control	60	0	2	526	1671.908202	1133.945393344538	1.0	1656.061211	852.6491190840336	2560320	80	80	39	0	0	64	119	shared	0	0
dynamic	60	0	3	526	1746.024054	1018.6089164201684	0.7478991596638656	498.251726	243.61912905882355	2560320	80	80	823	16	16	16	119	shared	0	1
fixed	60	0	3	526	1745.875434	1016.5488562352945	0.7478991596638656	502.055733	243.4836296218487	2560320	80	80	823	16	16	16	119	shared	0	0
control	60	0	3	526	1641.47491	1103.5723915714286	1.0	1630.0299570000002	832.2672490588235	2560320	80	80	39	0	0	63	119	shared	0	0
dynamic	60	0.5	1	526	1747.6863819999999	1018.8432818487393	0.7478991596638656	498.129639	243.71477342857142	2560320	80	80	823	16	16	16	119	shared	0	1
fixed	60	0.5	1	526	1745.992354	1017.0673167310921	0.7478991596638656	502.85929500000003	243.64345709243702	2560320	80	80	823	16	16	16	119	shared	0	0
control	60	0.5	1	526	3737.72388	2411.726291991596	1.0	3710.380087	1590.4488151512605	2560320	80	80	39	0	0	71	119	shared	0	0
dynamic	60	0.5	2	526	1728.404039	1004.7845732100842	0.7478991596638656	499.080046	243.12899579831927	2560320	80	80	823	16	16	16	119	shared	0	1
fixed	60	0.5	2	526	1830.874456	1078.5449133445377	0.7478991596638656	572.706461	210.90324825210084	2560320	80	80	881	16	16	16	119	shared	0	0
control	60	0.5	2	526	1639.280893	1105.3123683781512	1.0	1631.7932449999998	833.9093099747901	2560320	80	80	39	0	0	63	119	shared	0	0
dynamic	60	0.5	3	526	1949.689518	918.1264603781515	0.6386554621848739	719.6552710000001	261.3389021932773	2560320	80	80	590	16	16	16	119	shared	0	1
fixed	60	0.5	3	526	1925.043355	1141.269206117647	0.7478991596638656	729.6231720000001	214.44347975630254	2560320	80	80	887	16	16	16	119	shared	0	0
control	60	0.5	3	526	4870.805161	2994.3845686386553	1.0	4758.3515959999995	1905.35131702521	2560320	80	80	39	0	0	69	119	shared	0	0
dynamic	150	0	1	661	2245.8727820000004	1352.5069707731102	0.7478991596638656	760.397808	222.84072968067227	2560320	80	80	887	16	16	16	119	shared	0	1
fixed	150	0	1	661	2010.522598	1212.7946138739494	0.7478991596638656	545.9755120000001	250.26180965546223	2560320	80	80	823	16	16	16	119	shared	0	0
control	150	0	1	661	1903.299144	1357.9153432689075	1.0	1890.534433	1002.0842356134451	2560320	80	80	39	0	0	72	119	shared	0	0
dynamic	150	0	2	661	1999.5638900000001	1202.7093491176472	0.7478991596638656	546.245589	250.09489740336141	2560320	80	80	823	16	16	16	119	shared	0	1
fixed	150	0	2	661	2014.531731	1215.3552321512607	0.7478991596638656	546.7859900000001	250.48503471428586	2560320	80	80	823	16	16	16	119	shared	0	0
control	150	0	2	661	1909.1166510000003	1370.7791196470591	1.0	1898.862041	1010.1451481092436	2560320	80	80	39	0	0	72	119	shared	0	0
dynamic	150	0	3	661	2012.612867	1212.909473159664	0.7478991596638656	551.768217	250.255495117647	2560320	80	80	823	16	16	16	119	shared	0	1
fixed	150	0	3	661	2005.772442	1208.4774268067226	0.7478991596638656	552.2387010000001	250.23501078991592	2560320	80	80	823	16	16	16	119	shared	0	0
control	150	0	3	661	1956.11003	1392.2303135966386	1.0	1946.603308	1022.3258612184875	2560320	80	80	39	0	0	72	119	shared	0	0
dynamic	150	0.5	1	663	2215.73243	1291.573128008403	0.7478991596638656	758.047112	221.41551365546218	2560320	80	80	887	16	16	16	119	shared	0	1
fixed	150	0.5	1	663	2012.629084	1212.9589885462185	0.7478991596638656	545.101609	249.91505552941177	2560320	80	80	823	16	16	16	119	shared	0	0
control	150	0.5	1	663	2973.328955	1973.928120579832	1.0	2924.472713	1357.0380902268907	2560320	80	80	39	0	0	74	119	shared	0	0
dynamic	150	0.5	2	663	12598.96483	5907.6465259999995	0.6554621848739496	3881.064686	717.751863319328	2560320	80	80	312	4	16	16	119	shared	0	1
fixed	150	0.5	2	663	2019.061111	1218.3170618067224	0.7478991596638656	560.3466860000001	250.60798645378148	2560320	80	80	823	16	16	16	119	shared	0	0
control	150	0.5	2	663	2278.930948	1612.1508219075629	1.0	2277.538693	1153.9524648319327	2560320	80	80	39	0	0	72	119	shared	0	0
dynamic	150	0.5	3	663	2004.745294	1208.389486865546	0.7478991596638656	547.9700250000001	249.82334325210093	2560320	80	80	823	16	16	16	119	shared	0	1
fixed	150	0.5	3	663	2439.422095	1239.5178492184878	0.6638655462184874	751.3022550000001	219.95138332773104	2560320	80	80	715	16	16	16	119	shared	0	0
control	150	0.5	3	663	1892.1504169999998	1353.9333935294121	1.0	1889.221633	998.9209732941177	2560320	80	80	39	0	0	71	119	shared	0	0
