arm	study	temp	trace	access	chunk	repeat	frames	asks	first_frame_ns	later_p50_ns	later_p99_ns	later_mean_ns	series_wall_ns	gap_p50_ns	gap_p99_ns	gap_max_ns	gap_samples	bytes_copied	hop_p50_ns	other_later_p50_ns	other_later_p99_ns	other_asks
mmap_naive	frames_250k_live.sbnd	warm	forward	full	16384	1	320	320	56362	52805	66644	53352	17089286	2918	10273	2674681	6969	0	0	55714	70449	1600
mmap_naive	frames_250k_live.sbnd	warm	forward	full	16384	2	320	320	17031	45482	65517	46974	15016008	2328	10873	836563	7153	0	0	48453	66899	1600
mmap_naive	frames_250k_live.sbnd	warm	forward	full	16384	3	320	320	18430	47682	67159	48147	15390625	2389	11888	843560	6909	0	0	48961	68734	1600
mmap_naive	frames_250k_live.sbnd	warm	forward	full	16384	4	320	320	17148	47361	63359	47575	15207636	2442	11591	994804	6846	0	0	49199	65603	1600
mmap_naive	frames_250k_live.sbnd	warm	forward	full	16384	5	320	320	20055	45958	60932	46702	14932671	2435	10271	983172	6969	0	0	49140	64930	1600
mmap_blocking_touch	frames_250k_live.sbnd	warm	forward	full	16384	1	320	320	213982	46321	65617	47299	15317956	2003	13910	960636	7033	0	6260	45162	65279	1600
mmap_blocking_touch	frames_250k_live.sbnd	warm	forward	full	16384	2	320	320	206401	45669	60747	46478	15048514	2054	13305	930631	7153	0	6172	44845	61405	1600
mmap_blocking_touch	frames_250k_live.sbnd	warm	forward	full	16384	3	320	320	228845	46213	65438	47451	15381202	2170	13038	939428	7246	0	6269	45380	68951	1600
mmap_blocking_touch	frames_250k_live.sbnd	warm	forward	full	16384	4	320	320	122817	45599	61124	46671	15025891	2241	13587	1042231	6850	0	6387	44820	59639	1600
mmap_blocking_touch	frames_250k_live.sbnd	warm	forward	full	16384	5	320	320	60286	46288	70240	47473	15223154	2240	13298	834580	6896	0	6533	45456	74560	1600
mmap_hybrid_mincore	frames_250k_live.sbnd	warm	forward	full	16384	1	320	320	21662	45998	62093	45973	14700659	2402	10665	843208	7013	0	0	48492	65244	1600
mmap_hybrid_mincore	frames_250k_live.sbnd	warm	forward	full	16384	2	320	320	18875	46751	61117	46526	14874553	2390	10290	926195	7056	0	0	49060	64868	1600
mmap_hybrid_mincore	frames_250k_live.sbnd	warm	forward	full	16384	3	320	320	18104	46717	61156	46558	14883590	2363	11028	919878	7048	0	0	49075	66244	1600
mmap_hybrid_mincore	frames_250k_live.sbnd	warm	forward	full	16384	4	320	320	21664	47518	62428	47864	15303512	2432	11496	859232	6893	0	0	49316	70938	1600
mmap_hybrid_mincore	frames_250k_live.sbnd	warm	forward	full	16384	5	320	320	22002	46956	60668	47480	15181255	2406	11508	848080	6841	0	0	48751	67040	1600
pread_blocking	frames_250k_live.sbnd	warm	forward	full	16384	1	320	320	199000	84234	255088	87498	28177610	339	9768	912176	18502	80000000	35539	50105	97103	1600
pread_blocking	frames_250k_live.sbnd	warm	forward	full	16384	2	320	320	590365	83918	105253	82514	26973058	340	9168	965787	18884	80000000	36534	48735	88057	1600
pread_blocking	frames_250k_live.sbnd	warm	forward	full	16384	3	320	320	594109	86554	168069	84071	27476159	355	10350	909665	17440	80000000	36487	50144	108127	1600
pread_blocking	frames_250k_live.sbnd	warm	forward	full	16384	4	320	320	133438	84331	143053	83198	26738636	343	9097	911249	17437	80000000	35913	49623	101044	1600
pread_blocking	frames_250k_live.sbnd	warm	forward	full	16384	5	320	320	149025	84280	109835	82389	26496524	342	10220	916153	17364	80000000	35300	49322	88772	1600
mmap_naive	frames_250k_live.sbnd	cold	forward	full	16384	1	320	320	348854	137869	416142	161865	52002002	3413	49249	1190981	6818	0	0	140155	443444	1600
mmap_naive	frames_250k_live.sbnd	cold	forward	full	16384	2	320	320	448055	134015	369001	144189	46462899	3572	44011	1291982	6917	0	0	136168	398598	1600
mmap_naive	frames_250k_live.sbnd	cold	forward	full	16384	3	320	320	555276	131656	353028	137224	44347639	3676	43422	1331463	6745	0	0	133440	365288	1600
mmap_naive	frames_250k_live.sbnd	cold	forward	full	16384	4	320	320	229016	131060	171669	128801	41335021	3610	44504	1181499	6714	0	0	132283	183271	1600
mmap_naive	frames_250k_live.sbnd	cold	forward	full	16384	5	320	320	413447	129647	374324	136199	43877963	3460	43567	1315559	6804	0	0	130790	389442	1600
mmap_blocking_touch	frames_250k_live.sbnd	cold	forward	full	16384	1	320	320	793738	231819	547720	267534	86158003	327	4588	1330059	162733	0	169278	44370	127794	1600
mmap_blocking_touch	frames_250k_live.sbnd	cold	forward	full	16384	2	320	320	646054	232356	535824	253032	81383261	325	7296	1154102	142645	0	159268	44700	139182	1600
mmap_blocking_touch	frames_250k_live.sbnd	cold	forward	full	16384	3	320	320	373714	214471	465294	251993	80781608	326	5800	1589622	144882	0	157285	46771	123292	1600
mmap_blocking_touch	frames_250k_live.sbnd	cold	forward	full	16384	4	320	320	398362	234018	437623	238331	76447276	326	7766	1420541	121025	0	166452	47429	126314	1600
mmap_blocking_touch	frames_250k_live.sbnd	cold	forward	full	16384	5	320	320	366391	207778	611291	246917	79154404	326	7607	2261337	119202	0	141533	55209	121682	1600
mmap_hybrid_mincore	frames_250k_live.sbnd	cold	forward	full	16384	1	320	320	592651	214835	480775	240384	77293220	325	7620	1357833	122018	0	151376	47157	143219	1600
mmap_hybrid_mincore	frames_250k_live.sbnd	cold	forward	full	16384	2	320	320	375461	230417	621169	247144	79231213	325	7602	1234792	129512	0	163975	45479	143055	1600
mmap_hybrid_mincore	frames_250k_live.sbnd	cold	forward	full	16384	3	320	320	391268	243703	536943	258048	82726703	325	7515	1240822	138953	0	170235	47605	152018	1600
mmap_hybrid_mincore	frames_250k_live.sbnd	cold	forward	full	16384	4	320	320	561599	227647	585221	246302	79151192	325	6773	1226516	136357	0	166300	46424	128976	1600
mmap_hybrid_mincore	frames_250k_live.sbnd	cold	forward	full	16384	5	320	320	648702	242680	587680	262921	84541195	330	7652	1273906	140886	0	172090	48614	145489	1600
pread_blocking	frames_250k_live.sbnd	cold	forward	full	16384	1	320	320	485786	106358	401106	144278	46578114	330	6022	1335543	59726	80000000	85895	50008	187047	1600
pread_blocking	frames_250k_live.sbnd	cold	forward	full	16384	2	320	320	513897	128778	716737	162832	52525611	325	5770	1661856	77597	80000000	101936	52106	155309	1600
pread_blocking	frames_250k_live.sbnd	cold	forward	full	16384	3	320	320	489616	113290	638600	151017	48732625	326	5099	1366004	73071	80000000	91697	47399	101618	1600
pread_blocking	frames_250k_live.sbnd	cold	forward	full	16384	4	320	320	375269	130782	431293	159417	51301654	326	5809	1328237	72579	80000000	99196	48885	184853	1600
pread_blocking	frames_250k_live.sbnd	cold	forward	full	16384	5	320	320	638027	125846	339196	151628	49076354	326	5378	1368873	71864	80000000	99715	49608	181492	1600
