label	arm	prefetch	temp	shape	size	stride	depth	readers	repeat	pos	asks	p50_ns	p90_ns	p99_ns	cpu_ns_per_ask	wall_ns	asks_per_s	threads	gap_p99_ns	gap_max_ns	miss_pct	resident_pct
fixed_C_shared	pool	off	cold	stride	16384	250000	1	1	0	0	128	95124	138028	989111	89538	16189952	7906	6	0	0	78.1	0.000
fixed_C_shared	uring	off	cold	stride	16384	250000	1	1	0	1	128	69480	100043	802782	38859	12598202	10160	5	0	0	100.0	0.000
fixed_C_shared	hybrid	off	cold	stride	16384	250000	1	1	0	2	128	71622	95520	907590	37042	13268321	9647	5	0	0	78.1	0.000
fixed_C_shared	uring	off	cold	stride	16384	250000	1	1	1	0	128	70041	106692	812552	36917	12847557	9963	5	0	0	100.0	0.000
fixed_C_shared	hybrid	off	cold	stride	16384	250000	1	1	1	1	128	68591	103297	761271	39066	12450496	10281	5	0	0	78.1	0.000
fixed_C_shared	pool	off	cold	stride	16384	250000	1	1	1	2	128	96589	128803	843152	76470	15053824	8503	6	0	0	78.1	0.000
fixed_C_shared	hybrid	off	cold	stride	16384	250000	1	1	2	0	128	76843	105436	785895	38297	12965287	9873	5	0	0	78.1	0.000
fixed_C_shared	pool	off	cold	stride	16384	250000	1	1	2	1	128	95528	131733	921334	75444	15504152	8256	6	0	0	78.1	0.000
fixed_C_shared	uring	off	cold	stride	16384	250000	1	1	2	2	128	68374	100407	808933	35282	12652726	10116	5	0	0	100.0	0.000
fixed_C_shared	pool	off	cold	stride	16384	250000	1	1	3	0	128	93909	127187	779881	72676	14700932	8707	6	0	0	78.1	0.000
fixed_C_shared	uring	off	cold	stride	16384	250000	1	1	3	1	128	67589	90746	771463	35476	12158729	10527	5	0	0	100.0	0.000
fixed_C_shared	hybrid	off	cold	stride	16384	250000	1	1	3	2	128	66630	92114	800132	34304	12282816	10421	5	0	0	78.1	0.000
fixed_C_shared	uring	off	cold	stride	16384	250000	1	1	4	0	128	67609	84809	891924	34422	12243790	10454	5	0	0	100.0	0.000
fixed_C_shared	hybrid	off	cold	stride	16384	250000	1	1	4	1	128	67171	86873	797959	33344	11756273	10888	5	0	0	77.3	0.000
fixed_C_shared	pool	off	cold	stride	16384	250000	1	1	4	2	128	92709	119566	732190	69087	14014027	9134	6	0	0	78.1	0.000
fixed_C_shared	hybrid	off	cold	stride	16384	250000	1	1	5	0	128	66367	87812	738936	32751	11353235	11274	5	0	0	78.1	0.000
fixed_C_shared	pool	off	cold	stride	16384	250000	1	1	5	1	128	98158	132355	752875	76418	14809229	8643	6	0	0	78.1	0.000
fixed_C_shared	uring	off	cold	stride	16384	250000	1	1	5	2	128	68797	97755	796402	35153	12279114	10424	5	0	0	100.0	0.000
fixed_C_shared	pool	off	cold	stride	16384	250000	4	1	0	0	128	149668	818908	1483014	68063	9048529	14146	11	0	0	91.4	0.000
fixed_C_shared	uring	off	cold	stride	16384	250000	4	1	0	1	128	139576	780756	847622	17971	8833377	14490	5	0	0	100.0	0.000
fixed_C_shared	hybrid	off	cold	stride	16384	250000	4	1	0	2	128	89259	714620	1403340	19991	8008682	15983	5	0	0	88.3	0.000
fixed_C_shared	uring	off	cold	stride	16384	250000	4	1	1	0	128	158598	802898	844558	18456	9053231	14139	5	0	0	100.0	0.000
fixed_C_shared	hybrid	off	cold	stride	16384	250000	4	1	1	1	128	88315	637484	1429849	18026	8123984	15756	5	0	0	88.3	0.000
fixed_C_shared	pool	off	cold	stride	16384	250000	4	1	1	2	128	153996	804050	880268	60876	8910101	14366	10	0	0	95.3	0.000
fixed_C_shared	hybrid	off	cold	stride	16384	250000	4	1	2	0	128	96977	727369	1437803	19856	8311623	15400	5	0	0	87.5	0.000
fixed_C_shared	pool	off	cold	stride	16384	250000	4	1	2	1	128	154426	757281	873937	64910	8637339	14819	11	0	0	95.3	0.000
fixed_C_shared	uring	off	cold	stride	16384	250000	4	1	2	2	128	143042	631464	1352797	17529	8136837	15731	5	0	0	100.0	0.000
fixed_C_shared	pool	off	cold	stride	16384	250000	4	1	3	0	128	145714	712438	834191	65489	8260006	15496	11	0	0	96.1	0.000
fixed_C_shared	uring	off	cold	stride	16384	250000	4	1	3	1	128	145990	708280	796230	19061	8505528	15049	5	0	0	100.0	0.000
fixed_C_shared	hybrid	off	cold	stride	16384	250000	4	1	3	2	128	94894	702015	787392	18991	7933612	16134	5	0	0	89.8	0.000
fixed_C_shared	uring	off	cold	stride	16384	250000	4	1	4	0	128	158496	670167	731817	18995	8253899	15508	5	0	0	100.0	0.000
fixed_C_shared	hybrid	off	cold	stride	16384	250000	4	1	4	1	128	103023	632500	1372986	19737	7972358	16055	5	0	0	87.5	0.000
fixed_C_shared	pool	off	cold	stride	16384	250000	4	1	4	2	128	150154	857970	1378399	64906	8506823	15047	11	0	0	91.4	0.000
fixed_C_shared	hybrid	off	cold	stride	16384	250000	4	1	5	0	128	85845	567093	1281447	18766	7213203	17745	5	0	0	88.3	0.000
fixed_C_shared	pool	off	cold	stride	16384	250000	4	1	5	1	128	148518	749417	1048947	63020	8146689	15712	11	0	0	92.2	0.000
fixed_C_shared	uring	off	cold	stride	16384	250000	4	1	5	2	128	160662	664525	1406940	19354	8639403	14816	5	0	0	100.0	0.000
fixed_C_shared	pool	off	cold	stride	16384	250000	1	4	0	0	512	165443	237135	949190	67496	24617528	20798	10	0	0	91.2	0.000
fixed_C_shared	uring	off	cold	stride	16384	250000	1	4	0	1	512	150815	228820	852695	49395	23024826	22237	5	0	0	100.0	0.000
fixed_C_shared	hybrid	off	cold	stride	16384	250000	1	4	0	2	512	151719	237488	988154	52850	23563139	21729	5	0	0	91.2	0.000
fixed_C_shared	uring	off	cold	stride	16384	250000	1	4	1	0	512	142213	226764	884215	49646	22814205	22442	5	0	0	100.0	0.000
fixed_C_shared	hybrid	off	cold	stride	16384	250000	1	4	1	1	512	139173	225446	847978	51393	22337339	22921	5	0	0	91.4	0.000
fixed_C_shared	pool	off	cold	stride	16384	250000	1	4	1	2	512	156711	251664	842558	61433	23901541	21421	12	0	0	91.6	0.000
fixed_C_shared	hybrid	off	cold	stride	16384	250000	1	4	2	0	512	141787	222412	799686	47444	22165767	23099	5	0	0	91.4	0.000
fixed_C_shared	pool	off	cold	stride	16384	250000	1	4	2	1	512	144285	245271	878291	62159	23096243	22168	12	0	0	91.6	0.000
fixed_C_shared	uring	off	cold	stride	16384	250000	1	4	2	2	512	150745	233936	855372	49605	22686409	22569	5	0	0	100.0	0.000
fixed_C_shared	pool	off	cold	stride	16384	250000	1	4	3	0	512	156551	261908	818923	70386	24354579	21023	14	0	0	91.4	0.000
fixed_C_shared	uring	off	cold	stride	16384	250000	1	4	3	1	512	150639	233651	1014672	47823	23344991	21932	5	0	0	100.0	0.000
fixed_C_shared	hybrid	off	cold	stride	16384	250000	1	4	3	2	512	144407	225915	866346	50441	22545769	22709	5	0	0	91.4	0.000
fixed_C_shared	uring	off	cold	stride	16384	250000	1	4	4	0	512	138631	217912	817771	49019	21733964	23558	5	0	0	100.0	0.000
fixed_C_shared	hybrid	off	cold	stride	16384	250000	1	4	4	1	512	156119	235880	855968	50772	23843323	21474	5	0	0	91.0	0.000
fixed_C_shared	pool	off	cold	stride	16384	250000	1	4	4	2	512	161535	226653	961738	67586	24843044	20609	15	0	0	91.8	0.000
fixed_C_shared	hybrid	off	cold	stride	16384	250000	1	4	5	0	512	158872	234515	1112391	48547	22602399	22652	5	0	0	89.1	0.000
fixed_C_shared	pool	off	cold	stride	16384	250000	1	4	5	1	512	173545	245510	1081177	65321	26547284	19286	12	0	0	91.0	0.000
fixed_C_shared	uring	off	cold	stride	16384	250000	1	4	5	2	512	144044	224957	953037	48598	22161186	23103	5	0	0	100.0	0.000
fixed_C_shared	pool	off	cold	stride	16384	250000	4	4	0	0	512	412444	812322	3380862	55999	17362107	29490	30	0	0	92.6	0.000
fixed_C_shared	uring	off	cold	stride	16384	250000	4	4	0	1	512	387803	505601	3528793	24571	16918263	30263	5	0	0	100.0	0.000
fixed_C_shared	hybrid	off	cold	stride	16384	250000	4	4	0	2	512	367712	514749	3155142	26883	16436023	31151	5	0	0	92.6	0.000
fixed_C_shared	uring	off	cold	stride	16384	250000	4	4	1	0	512	415045	566705	3272767	27794	17403332	29420	5	0	0	100.0	0.000
fixed_C_shared	hybrid	off	cold	stride	16384	250000	4	4	1	1	512	354599	548348	3515840	28624	16532869	30969	5	0	0	92.8	0.000
fixed_C_shared	pool	off	cold	stride	16384	250000	4	4	1	2	512	430077	686203	2903125	54154	17152183	29850	29	0	0	92.6	0.000
fixed_C_shared	hybrid	off	cold	stride	16384	250000	4	4	2	0	512	342333	519696	3347439	27096	15940165	32120	5	0	0	92.8	0.000
fixed_C_shared	pool	off	cold	stride	16384	250000	4	4	2	1	512	378395	773556	3491880	54601	17021447	30080	33	0	0	92.8	0.000
fixed_C_shared	uring	off	cold	stride	16384	250000	4	4	2	2	512	397338	508242	2988222	23754	16320269	31372	5	0	0	100.0	0.000
fixed_C_shared	pool	off	cold	stride	16384	250000	4	4	3	0	512	376130	666045	3333354	50038	16328298	31357	30	0	0	92.6	0.000
fixed_C_shared	uring	off	cold	stride	16384	250000	4	4	3	1	512	392400	526232	2967355	24101	16232196	31542	5	0	0	100.0	0.000
fixed_C_shared	hybrid	off	cold	stride	16384	250000	4	4	3	2	512	337111	524058	2744128	25560	15150317	33795	5	0	0	92.6	0.000
fixed_C_shared	uring	off	cold	stride	16384	250000	4	4	4	0	512	400256	527142	3144599	23258	16773691	30524	5	0	0	100.0	0.000
fixed_C_shared	hybrid	off	cold	stride	16384	250000	4	4	4	1	512	354426	486002	2852731	24585	16211357	31583	5	0	0	92.6	0.000
fixed_C_shared	pool	off	cold	stride	16384	250000	4	4	4	2	512	449206	659810	3433353	51163	17811314	28746	25	0	0	92.6	0.000
fixed_C_shared	hybrid	off	cold	stride	16384	250000	4	4	5	0	512	389672	529014	3045360	27729	17317780	29565	5	0	0	92.6	0.000
fixed_C_shared	pool	off	cold	stride	16384	250000	4	4	5	1	512	380551	579015	3370125	53706	15429449	33183	26	0	0	92.8	0.000
fixed_C_shared	uring	off	cold	stride	16384	250000	4	4	5	2	512	410913	561874	3585490	28647	18000835	28443	5	0	0	100.0	0.000
fixed_C_shared	pool	off	cold	stride	16384	250000	1	16	0	0	2048	363410	662385	2138525	36411	45040512	45470	29	0	0	60.4	0.000
fixed_C_shared	uring	off	cold	stride	16384	250000	1	16	0	1	2048	390902	644940	2219342	34978	46002528	44519	5	0	0	100.0	0.000
fixed_C_shared	hybrid	off	cold	stride	16384	250000	1	16	0	2	2048	437959	667292	2367035	32775	49541983	41339	5	0	0	60.8	0.000
fixed_C_shared	uring	off	cold	stride	16384	250000	1	16	1	0	2048	425191	638602	2662178	32541	48202628	42487	5	0	0	100.0	0.000
fixed_C_shared	hybrid	off	cold	stride	16384	250000	1	16	1	1	2048	390519	604684	2504329	32689	44550404	45970	5	0	0	61.0	0.000
fixed_C_shared	pool	off	cold	stride	16384	250000	1	16	1	2	2048	335086	683597	2341778	43995	45273870	45236	31	0	0	60.2	0.000
fixed_C_shared	hybrid	off	cold	stride	16384	250000	1	16	2	0	2048	392378	642059	2245101	35076	45441833	45069	5	0	0	60.5	0.000
fixed_C_shared	pool	off	cold	stride	16384	250000	1	16	2	1	2048	312214	720168	2190087	42848	45389501	45121	30	0	0	60.3	0.000
fixed_C_shared	uring	off	cold	stride	16384	250000	1	16	2	2	2048	403765	638181	2278120	33398	46405819	44132	5	0	0	100.0	0.000
fixed_C_shared	pool	off	cold	stride	16384	250000	1	16	3	0	2048	338499	691452	2633199	42785	46146903	44380	29	0	0	61.0	0.000
fixed_C_shared	uring	off	cold	stride	16384	250000	1	16	3	1	2048	492227	684991	3144964	31684	52736711	38834	5	0	0	100.0	0.000
fixed_C_shared	hybrid	off	cold	stride	16384	250000	1	16	3	2	2048	422455	648997	2159822	34441	47711206	42925	5	0	0	60.6	0.000
fixed_C_shared	uring	off	cold	stride	16384	250000	1	16	4	0	2048	391960	622423	2470607	32944	45347159	45163	5	0	0	100.0	0.000
fixed_C_shared	hybrid	off	cold	stride	16384	250000	1	16	4	1	2048	395957	633962	2360800	32375	45990249	44531	5	0	0	61.0	0.000
fixed_C_shared	pool	off	cold	stride	16384	250000	1	16	4	2	2048	369999	719414	2792955	44476	48297818	42404	32	0	0	60.7	0.000
fixed_C_shared	hybrid	off	cold	stride	16384	250000	1	16	5	0	2048	372026	588976	2370894	29307	42346825	48363	5	0	0	60.7	0.000
fixed_C_shared	pool	off	cold	stride	16384	250000	1	16	5	1	2048	324645	645870	1966633	35882	43306463	47291	29	0	0	60.3	0.000
fixed_C_shared	uring	off	cold	stride	16384	250000	1	16	5	2	2048	469108	717791	3080200	27827	53302642	38422	5	0	0	100.0	0.000
fixed_C_shared	pool	off	cold	stride	16384	250000	4	16	0	0	2048	1394999	2781396	6237051	37413	46060874	44463	83	0	0	61.4	0.000
fixed_C_shared	uring	off	cold	stride	16384	250000	4	16	0	1	2048	1051893	1981765	6928521	18894	36957725	55415	5	0	0	100.0	0.000
fixed_C_shared	hybrid	off	cold	stride	16384	250000	4	16	0	2	2048	864377	1700094	5817427	20101	34910007	58665	5	0	0	60.9	0.000
fixed_C_shared	uring	off	cold	stride	16384	250000	4	16	1	0	2048	1036453	1726004	6356765	19007	34216694	59854	5	0	0	100.0	0.000
fixed_C_shared	hybrid	off	cold	stride	16384	250000	4	16	1	1	2048	840272	1709929	5978733	18153	33660706	60842	5	0	0	61.1	0.000
fixed_C_shared	pool	off	cold	stride	16384	250000	4	16	1	2	2048	1114469	2182669	4186667	32520	35394504	57862	81	0	0	61.1	0.000
fixed_C_shared	hybrid	off	cold	stride	16384	250000	4	16	2	0	2048	961743	1780721	5450268	26320	37006443	55342	5	0	0	60.4	0.000
fixed_C_shared	pool	off	cold	stride	16384	250000	4	16	2	1	2048	872012	2284557	3695659	46886	33398623	61320	81	0	0	60.2	0.000
fixed_C_shared	uring	off	cold	stride	16384	250000	4	16	2	2	2048	887086	1742590	5331765	23502	30860865	66362	5	0	0	100.0	0.000
fixed_C_shared	pool	off	cold	stride	16384	250000	4	16	3	0	2048	894406	2020942	3516580	41465	32257051	63490	78	0	0	61.7	0.000
fixed_C_shared	uring	off	cold	stride	16384	250000	4	16	3	1	2048	1097375	2108132	5072423	25004	34661624	59086	5	0	0	100.0	0.000
fixed_C_shared	hybrid	off	cold	stride	16384	250000	4	16	3	2	2048	904828	1774959	5524321	28082	35483975	57716	5	0	0	60.9	0.000
fixed_C_shared	uring	off	cold	stride	16384	250000	4	16	4	0	2048	1104243	2574736	7450731	26055	41349867	49529	5	0	0	100.0	0.000
fixed_C_shared	hybrid	off	cold	stride	16384	250000	4	16	4	1	2048	1006103	1851307	6465425	23723	38887270	52665	5	0	0	60.5	0.000
fixed_C_shared	pool	off	cold	stride	16384	250000	4	16	4	2	2048	1085442	2441497	4840839	49321	38635110	53009	76	0	0	60.9	0.000
fixed_C_shared	hybrid	off	cold	stride	16384	250000	4	16	5	0	2048	1085365	1980548	6179032	26888	39563947	51764	5	0	0	60.7	0.000
fixed_C_shared	pool	off	cold	stride	16384	250000	4	16	5	1	2048	1000875	2039066	5408743	44628	34551063	59275	80	0	0	61.4	0.000
fixed_C_shared	uring	off	cold	stride	16384	250000	4	16	5	2	2048	1161548	2039933	5237987	23298	34908374	58668	5	0	0	100.0	0.000
fixed_C_partitioned	pool	off	cold	stride	16384	250000	1	4	0	0	160	157709	275540	4761950	77766	12105937	13217	9	0	0	82.5	0.000
fixed_C_partitioned	uring	off	cold	stride	16384	250000	1	4	0	1	160	142365	245421	4872318	58833	11492627	13922	5	0	0	100.0	0.000
fixed_C_partitioned	hybrid	off	cold	stride	16384	250000	1	4	0	2	160	117877	193043	4044459	53621	9836908	16265	5	0	0	80.6	0.000
fixed_C_partitioned	uring	off	cold	stride	16384	250000	1	4	1	0	160	120481	227319	4812225	54122	10585787	15115	5	0	0	100.0	0.000
fixed_C_partitioned	hybrid	off	cold	stride	16384	250000	1	4	1	1	160	121211	224015	3901605	56461	9948760	16082	5	0	0	80.0	0.000
fixed_C_partitioned	pool	off	cold	stride	16384	250000	1	4	1	2	160	149263	247160	4681997	83915	11183537	14307	11	0	0	82.5	0.000
fixed_C_partitioned	hybrid	off	cold	stride	16384	250000	1	4	2	0	160	131625	206332	3707718	56423	10058903	15906	5	0	0	81.2	0.000
fixed_C_partitioned	pool	off	cold	stride	16384	250000	1	4	2	1	160	151751	276430	4775353	82408	12090528	13233	9	0	0	81.9	0.000
fixed_C_partitioned	uring	off	cold	stride	16384	250000	1	4	2	2	160	138780	219401	4096875	59169	10521257	15207	5	0	0	100.0	0.000
fixed_C_partitioned	pool	off	cold	stride	16384	250000	1	4	3	0	160	142081	200564	3795498	79910	10067774	15892	12	0	0	80.6	0.000
fixed_C_partitioned	uring	off	cold	stride	16384	250000	1	4	3	1	160	114881	218904	4670510	53402	10630104	15052	5	0	0	100.0	0.000
fixed_C_partitioned	hybrid	off	cold	stride	16384	250000	1	4	3	2	160	126238	220489	3831663	60159	10285664	15556	5	0	0	81.2	0.000
fixed_C_partitioned	uring	off	cold	stride	16384	250000	1	4	4	0	160	144461	279740	4952815	65603	11944896	13395	5	0	0	100.0	0.000
fixed_C_partitioned	hybrid	off	cold	stride	16384	250000	1	4	4	1	160	135789	246027	3833193	60525	10550110	15166	5	0	0	81.2	0.000
fixed_C_partitioned	pool	off	cold	stride	16384	250000	1	4	4	2	160	142688	226591	4729700	75899	11098462	14416	11	0	0	81.9	0.000
fixed_C_partitioned	hybrid	off	cold	stride	16384	250000	1	4	5	0	160	120875	207649	3831119	55877	9771861	16374	5	0	0	80.6	0.000
fixed_C_partitioned	pool	off	cold	stride	16384	250000	1	4	5	1	160	138771	231416	4915954	79492	11616895	13773	11	0	0	82.5	0.000
fixed_C_partitioned	uring	off	cold	stride	16384	250000	1	4	5	2	160	111259	200495	3867347	52865	9526342	16796	5	0	0	100.0	0.000
fixed_C_partitioned	pool	off	cold	stride	16384	250000	4	4	0	0	160	343849	1153027	5680160	82551	8854363	18070	26	0	0	92.5	0.000
fixed_C_partitioned	uring	off	cold	stride	16384	250000	4	4	0	1	160	314223	1080457	4042752	30251	7228818	22134	5	0	0	100.0	0.000
fixed_C_partitioned	hybrid	off	cold	stride	16384	250000	4	4	0	2	160	281540	810677	5287675	38042	8399712	19048	5	0	0	89.4	0.000
fixed_C_partitioned	uring	off	cold	stride	16384	250000	4	4	1	0	160	340645	1208205	4002570	30432	7292765	21940	5	0	0	100.0	0.000
fixed_C_partitioned	hybrid	off	cold	stride	16384	250000	4	4	1	1	160	289251	761874	5743864	37807	8855257	18068	5	0	0	90.0	0.000
fixed_C_partitioned	pool	off	cold	stride	16384	250000	4	4	1	2	160	321756	1221168	3835951	75683	7581125	21105	24	0	0	88.1	0.000
fixed_C_partitioned	hybrid	off	cold	stride	16384	250000	4	4	2	0	160	316343	851077	5039202	41133	8443485	18950	5	0	0	90.0	0.000
fixed_C_partitioned	pool	off	cold	stride	16384	250000	4	4	2	1	160	245783	620759	1045078	71598	4185678	38226	24	0	0	81.2	0.000
fixed_C_partitioned	uring	off	cold	stride	16384	250000	4	4	2	2	160	287714	374994	814262	37660	3969293	40309	5	0	0	100.0	0.000
fixed_C_partitioned	pool	off	cold	stride	16384	250000	4	4	3	0	160	361322	1198040	4547426	85832	8075940	19812	24	0	0	93.8	0.000
fixed_C_partitioned	uring	off	cold	stride	16384	250000	4	4	3	1	160	267230	503593	2524263	31442	5652774	28305	5	0	0	100.0	0.000
fixed_C_partitioned	hybrid	off	cold	stride	16384	250000	4	4	3	2	160	255648	850432	4965062	33546	7840539	20407	5	0	0	90.6	0.000
fixed_C_partitioned	uring	off	cold	stride	16384	250000	4	4	4	0	160	296060	515196	2645983	31533	6004773	26645	5	0	0	100.0	0.000
fixed_C_partitioned	hybrid	off	cold	stride	16384	250000	4	4	4	1	160	317914	686101	4396558	36102	7867119	20338	5	0	0	87.5	0.000
fixed_C_partitioned	pool	off	cold	stride	16384	250000	4	4	4	2	160	306787	830082	2851655	68107	6449038	24810	25	0	0	81.2	0.000
fixed_C_partitioned	hybrid	off	cold	stride	16384	250000	4	4	5	0	160	312938	665259	4794959	37601	8052206	19870	5	0	0	87.5	0.000
fixed_C_partitioned	pool	off	cold	stride	16384	250000	4	4	5	1	160	265857	753446	2775616	68577	5775088	27705	28	0	0	81.2	0.000
fixed_C_partitioned	uring	off	cold	stride	16384	250000	4	4	5	2	160	349495	701046	4534432	30377	7781928	20560	5	0	0	100.0	0.000
fixed_C_partitioned	pool	off	cold	stride	16384	250000	1	16	0	0	640	351169	577365	2623058	60900	18567832	34468	28	0	0	89.1	0.000
fixed_C_partitioned	uring	off	cold	stride	16384	250000	1	16	0	1	640	381707	519641	4978392	46095	21360942	29961	5	0	0	100.0	0.000
fixed_C_partitioned	hybrid	off	cold	stride	16384	250000	1	16	0	2	640	424814	622773	4606923	50105	22954194	27882	5	0	0	90.5	0.000
fixed_C_partitioned	uring	off	cold	stride	16384	250000	1	16	1	0	640	373677	482661	3521077	38438	19467867	32875	5	0	0	100.0	0.000
fixed_C_partitioned	hybrid	off	cold	stride	16384	250000	1	16	1	1	640	389650	576684	4757762	39244	21795754	29364	5	0	0	90.5	0.000
fixed_C_partitioned	pool	off	cold	stride	16384	250000	1	16	1	2	640	388224	560177	3990551	52072	20342515	31461	30	0	0	90.0	0.000
fixed_C_partitioned	hybrid	off	cold	stride	16384	250000	1	16	2	0	640	385911	494584	3994899	40967	20397539	31376	5	0	0	90.3	0.000
fixed_C_partitioned	pool	off	cold	stride	16384	250000	1	16	2	1	640	404997	547774	3881387	52924	20477690	31254	25	0	0	90.3	0.000
fixed_C_partitioned	uring	off	cold	stride	16384	250000	1	16	2	2	640	383800	500082	3399299	40982	19845749	32249	5	0	0	100.0	0.000
fixed_C_partitioned	pool	off	cold	stride	16384	250000	1	16	3	0	640	360722	559062	4982685	52219	20897311	30626	25	0	0	90.3	0.000
fixed_C_partitioned	uring	off	cold	stride	16384	250000	1	16	3	1	640	384784	504065	4715908	40265	20973763	30514	5	0	0	100.0	0.000
fixed_C_partitioned	hybrid	off	cold	stride	16384	250000	1	16	3	2	640	369959	507768	4505674	40201	20553261	31139	5	0	0	90.5	0.000
fixed_C_partitioned	uring	off	cold	stride	16384	250000	1	16	4	0	640	387693	529371	4642171	37945	21024270	30441	5	0	0	100.0	0.000
fixed_C_partitioned	hybrid	off	cold	stride	16384	250000	1	16	4	1	640	369299	488007	5007344	37407	20634940	31015	5	0	0	90.8	0.000
fixed_C_partitioned	pool	off	cold	stride	16384	250000	1	16	4	2	640	368542	578190	4351993	49883	20633271	31018	23	0	0	90.2	0.000
fixed_C_partitioned	hybrid	off	cold	stride	16384	250000	1	16	5	0	640	408785	525708	4705116	39251	22031963	29049	5	0	0	90.5	0.000
fixed_C_partitioned	pool	off	cold	stride	16384	250000	1	16	5	1	640	403541	600816	4933071	53805	22072683	28995	27	0	0	90.0	0.000
fixed_C_partitioned	uring	off	cold	stride	16384	250000	1	16	5	2	640	399630	502016	4814211	38818	21537492	29716	5	0	0	100.0	0.000
fixed_C_partitioned	pool	off	cold	stride	16384	250000	4	16	0	0	640	1136152	2666653	4170879	59634	16686452	38354	77	0	0	91.9	0.000
fixed_C_partitioned	uring	off	cold	stride	16384	250000	4	16	0	1	640	1300656	1727508	5758305	28914	17688000	36183	5	0	0	100.0	0.000
fixed_C_partitioned	hybrid	off	cold	stride	16384	250000	4	16	0	2	640	1218890	1688604	6010726	28636	17848357	35858	5	0	0	92.7	0.000
fixed_C_partitioned	uring	off	cold	stride	16384	250000	4	16	1	0	640	1105478	1764081	4785700	24861	15458740	41401	5	0	0	100.0	0.000
fixed_C_partitioned	hybrid	off	cold	stride	16384	250000	4	16	1	1	640	1210952	1607543	5899221	28620	17051665	37533	5	0	0	93.1	0.000
fixed_C_partitioned	pool	off	cold	stride	16384	250000	4	16	1	2	640	1247834	2517713	4246181	58170	16893953	37883	81	0	0	91.9	0.000
fixed_C_partitioned	hybrid	off	cold	stride	16384	250000	4	16	2	0	640	1245461	1790637	5512401	30202	17704899	36148	5	0	0	92.8	0.000
fixed_C_partitioned	pool	off	cold	stride	16384	250000	4	16	2	1	640	1074895	1964486	5561795	57835	16419737	38977	71	0	0	91.6	0.000
fixed_C_partitioned	uring	off	cold	stride	16384	250000	4	16	2	2	640	1246821	1607800	5380230	26480	16973437	37706	5	0	0	100.0	0.000
fixed_C_partitioned	pool	off	cold	stride	16384	250000	4	16	3	0	640	1295502	2513376	4012485	56658	17862828	35829	72	0	0	92.3	0.000
fixed_C_partitioned	uring	off	cold	stride	16384	250000	4	16	3	1	640	1278644	1907520	5809188	28628	17524483	36520	5	0	0	100.0	0.000
fixed_C_partitioned	hybrid	off	cold	stride	16384	250000	4	16	3	2	640	1265773	1852231	6223325	28320	18553234	34495	5	0	0	92.7	0.000
fixed_C_partitioned	uring	off	cold	stride	16384	250000	4	16	4	0	640	1337782	1746105	5982719	29880	18041594	35474	5	0	0	100.0	0.000
fixed_C_partitioned	hybrid	off	cold	stride	16384	250000	4	16	4	1	640	1289322	1933164	5516511	29620	17690744	36177	5	0	0	92.5	0.000
fixed_C_partitioned	pool	off	cold	stride	16384	250000	4	16	4	2	640	1135585	2545503	4311656	58910	16980611	37690	82	0	0	91.7	0.000
fixed_C_partitioned	hybrid	off	cold	stride	16384	250000	4	16	5	0	640	1210990	1537375	5898106	31855	17629702	36302	5	0	0	92.7	0.000
fixed_C_partitioned	pool	off	cold	stride	16384	250000	4	16	5	1	640	1310393	2253462	4070955	57795	17706804	36144	80	0	0	91.9	0.000
fixed_C_partitioned	uring	off	cold	stride	16384	250000	4	16	5	2	640	1258087	1669145	5735417	28084	17147764	37323	5	0	0	100.0	0.000
