# v14 warm concurrency shape · frames_16k_big.sbnd · warm, monitors=0, 512 asks per reader, 6 repeats
# The same total reads in flight, held two ways: depth (ring slots inside one task) vs readers (independent sessions).
label	arm	prefetch	temp	shape	size	stride	depth	readers	repeat	pos	asks	p50_ns	p90_ns	p99_ns	cpu_ns_per_ask	wall_ns	asks_per_s	threads	gap_p99_ns	gap_max_ns	miss_pct	resident_pct
v14_warm_d	pool	off	warm	stride	16384	250000	1	1	0	0	512	3758	5567	9926	4883	2347765	218080	5	0	0	0.0	0.000
v14_warm_d	uring	off	warm	stride	16384	250000	1	1	0	1	512	16899	21359	41705	19713	8456189	60547	5	0	0	100.0	0.000
v14_warm_d	hybrid	off	warm	stride	16384	250000	1	1	0	2	512	2525	3049	4141	3368	1624665	315142	5	0	0	0.0	0.000
v14_warm_d	uring	off	warm	stride	16384	250000	1	1	1	0	512	16069	17396	36121	17359	7296046	70175	5	0	0	100.0	0.000
v14_warm_d	hybrid	off	warm	stride	16384	250000	1	1	1	1	512	2316	2802	3492	3113	1513696	338245	5	0	0	0.0	0.000
v14_warm_d	pool	off	warm	stride	16384	250000	1	1	1	2	512	2252	2685	3820	2939	1445104	354300	5	0	0	0.0	0.000
v14_warm_d	hybrid	off	warm	stride	16384	250000	1	1	2	0	512	2180	2628	3268	3057	1474622	347208	5	0	0	0.0	0.000
v14_warm_d	pool	off	warm	stride	16384	250000	1	1	2	1	512	2241	2656	3976	2878	1378213	371496	5	0	0	0.0	0.000
v14_warm_d	uring	off	warm	stride	16384	250000	1	1	2	2	512	15126	17799	30169	15174	6351156	80615	5	0	0	100.0	0.000
v14_warm_d	pool	off	warm	stride	16384	250000	1	1	3	0	512	2165	2593	3160	2740	1310924	390564	5	0	0	0.0	0.000
v14_warm_d	uring	off	warm	stride	16384	250000	1	1	3	1	512	15029	18948	35427	15499	6566270	77974	5	0	0	100.0	0.000
v14_warm_d	hybrid	off	warm	stride	16384	250000	1	1	3	2	512	2268	2648	3671	2944	1475340	347039	5	0	0	0.0	0.000
v14_warm_d	uring	off	warm	stride	16384	250000	1	1	4	0	512	14844	16710	25917	14957	6276203	81578	5	0	0	100.0	0.000
v14_warm_d	hybrid	off	warm	stride	16384	250000	1	1	4	1	512	2154	2582	3828	3148	1537158	333082	5	0	0	0.0	0.000
v14_warm_d	pool	off	warm	stride	16384	250000	1	1	4	2	512	2177	2598	4716	2803	1346421	380267	5	0	0	0.0	0.000
v14_warm_d	hybrid	off	warm	stride	16384	250000	1	1	5	0	512	2134	2532	3531	2975	1435570	356653	5	0	0	0.0	0.000
v14_warm_d	pool	off	warm	stride	16384	250000	1	1	5	1	512	2131	2514	3505	2764	1318106	388436	5	0	0	0.0	0.000
v14_warm_d	uring	off	warm	stride	16384	250000	1	1	5	2	512	14375	16635	26410	13538	5646564	90675	5	0	0	100.0	0.000
v14_warm_d	pool	off	warm	stride	16384	250000	4	1	0	0	512	2079	2474	3748	2598	1285400	398320	5	0	0	0.0	0.000
v14_warm_d	uring	off	warm	stride	16384	250000	4	1	0	1	512	22313	23898	43668	7220	3115834	164322	5	0	0	100.0	0.000
v14_warm_d	hybrid	off	warm	stride	16384	250000	4	1	0	2	512	2164	2556	3017	2863	1369755	373789	5	0	0	0.0	0.000
v14_warm_d	uring	off	warm	stride	16384	250000	4	1	1	0	512	21974	23351	45017	7106	3098182	165258	5	0	0	100.0	0.000
v14_warm_d	hybrid	off	warm	stride	16384	250000	4	1	1	1	512	2185	2498	3889	2981	1426076	359027	5	0	0	0.0	0.000
v14_warm_d	pool	off	warm	stride	16384	250000	4	1	1	2	512	2254	2571	2944	2818	735573	696056	5	0	0	0.0	0.000
v14_warm_d	hybrid	off	warm	stride	16384	250000	4	1	2	0	512	1984	2409	5304	2969	1450025	353097	5	0	0	0.0	0.000
v14_warm_d	pool	off	warm	stride	16384	250000	4	1	2	1	512	2351	2837	3650	2988	568608	900445	5	0	0	0.0	0.000
v14_warm_d	uring	off	warm	stride	16384	250000	4	1	2	2	512	22347	23836	45016	7066	3080030	166232	5	0	0	100.0	0.000
v14_warm_d	pool	off	warm	stride	16384	250000	4	1	3	0	512	2299	2685	4275	3110	578438	885142	5	0	0	0.0	0.000
v14_warm_d	uring	off	warm	stride	16384	250000	4	1	3	1	512	22156	24976	43026	7148	3195000	160250	5	0	0	100.0	0.000
v14_warm_d	hybrid	off	warm	stride	16384	250000	4	1	3	2	512	2214	2648	3428	3063	1475866	346915	5	0	0	0.0	0.000
v14_warm_d	uring	off	warm	stride	16384	250000	4	1	4	0	512	9562	11251	22151	3821	1757326	291352	5	0	0	100.0	0.000
v14_warm_d	hybrid	off	warm	stride	16384	250000	4	1	4	1	512	2111	2567	4535	2992	1462493	350087	5	0	0	0.0	0.000
v14_warm_d	pool	off	warm	stride	16384	250000	4	1	4	2	512	2319	2721	3617	3102	778174	657951	5	0	0	0.0	0.000
v14_warm_d	hybrid	off	warm	stride	16384	250000	4	1	5	0	512	2105	2562	2981	2938	1412815	362397	5	0	0	0.0	0.000
v14_warm_d	pool	off	warm	stride	16384	250000	4	1	5	1	512	2425	2812	4306	3180	502512	1018881	5	0	0	0.0	0.000
v14_warm_d	uring	off	warm	stride	16384	250000	4	1	5	2	512	22603	25417	52447	8124	3371972	151840	5	0	0	100.0	0.000
v14_warm_d	pool	off	warm	stride	16384	250000	16	1	0	0	512	2487	3152	6154	3466	626942	816662	5	0	0	0.0	0.000
v14_warm_d	uring	off	warm	stride	16384	250000	16	1	0	1	512	55862	70361	103621	4856	2221478	230477	5	0	0	100.0	0.000
v14_warm_d	hybrid	off	warm	stride	16384	250000	16	1	0	2	512	2982	3557	6981	4924	2217366	230905	5	0	0	0.0	0.000
v14_warm_d	uring	off	warm	stride	16384	250000	16	1	1	0	512	55217	69760	154834	5047	2390087	214218	5	0	0	100.0	0.000
v14_warm_d	hybrid	off	warm	stride	16384	250000	16	1	1	1	512	2130	2514	3888	3286	1613621	317299	5	0	0	0.0	0.000
v14_warm_d	pool	off	warm	stride	16384	250000	16	1	1	2	512	2290	2639	3006	2929	536278	954729	5	0	0	0.0	0.000
v14_warm_d	hybrid	off	warm	stride	16384	250000	16	1	2	0	512	2098	2837	3531	3403	1678224	305084	5	0	0	0.0	0.000
v14_warm_d	pool	off	warm	stride	16384	250000	16	1	2	1	512	2303	2597	4207	3194	498879	1026301	5	0	0	0.0	0.000
v14_warm_d	uring	off	warm	stride	16384	250000	16	1	2	2	512	51319	64532	147094	4605	2155724	237507	5	0	0	100.0	0.000
v14_warm_d	pool	off	warm	stride	16384	250000	16	1	3	0	512	2389	2787	5350	3249	595971	859102	5	0	0	0.0	0.000
v14_warm_d	uring	off	warm	stride	16384	250000	16	1	3	1	512	54379	66061	80830	4581	2123809	241076	5	0	0	100.0	0.000
v14_warm_d	hybrid	off	warm	stride	16384	250000	16	1	3	2	512	2134	2537	3049	3365	1575066	325066	5	0	0	0.0	0.000
v14_warm_d	uring	off	warm	stride	16384	250000	16	1	4	0	512	49283	61938	74561	4541	2082376	245873	5	0	0	100.0	0.000
v14_warm_d	hybrid	off	warm	stride	16384	250000	16	1	4	1	512	2371	2727	3453	3421	1680688	304637	5	0	0	0.0	0.000
v14_warm_d	pool	off	warm	stride	16384	250000	16	1	4	2	512	2381	2715	8864	3392	625714	818265	5	0	0	0.0	0.000
v14_warm_d	hybrid	off	warm	stride	16384	250000	16	1	5	0	512	1987	2411	3070	3050	1499245	341505	5	0	0	0.0	0.000
v14_warm_d	pool	off	warm	stride	16384	250000	16	1	5	1	512	2276	2539	2874	2925	440461	1162418	5	0	0	0.0	0.000
v14_warm_d	uring	off	warm	stride	16384	250000	16	1	5	2	512	67275	82124	176143	5564	2644001	193646	5	0	0	100.0	0.000
v14_warm_r	pool	off	warm	stride	16384	250000	1	4	0	0	2048	4573	5446	12858	5263	5265438	388951	5	0	0	0.0	0.000
v14_warm_r	uring	off	warm	stride	16384	250000	1	4	0	1	2048	4655	6153	35608	6231	6376730	321168	5	0	0	100.0	0.000
v14_warm_r	hybrid	off	warm	stride	16384	250000	1	4	0	2	2048	3516	4380	13666	4592	4181597	489765	5	0	0	0.0	0.000
v14_warm_r	uring	off	warm	stride	16384	250000	1	4	1	0	2048	4840	17545	37749	9724	9618382	212926	5	0	0	100.0	0.000
v14_warm_r	hybrid	off	warm	stride	16384	250000	1	4	1	1	2048	3836	4775	14969	4769	2671204	766695	5	0	0	0.0	0.000
v14_warm_r	pool	off	warm	stride	16384	250000	1	4	1	2	2048	3725	4648	10188	4284	4129754	495913	5	0	0	0.0	0.000
v14_warm_r	hybrid	off	warm	stride	16384	250000	1	4	2	0	2048	3284	4137	13186	4109	4075020	502574	5	0	0	0.0	0.000
v14_warm_r	pool	off	warm	stride	16384	250000	1	4	2	1	2048	3615	4508	6494	4085	4129032	496000	5	0	0	0.0	0.000
v14_warm_r	uring	off	warm	stride	16384	250000	1	4	2	2	2048	4404	16355	24434	7839	9079076	225574	5	0	0	100.0	0.000
v14_warm_r	pool	off	warm	stride	16384	250000	1	4	3	0	2048	3808	4579	7887	4264	4139131	494790	5	0	0	0.0	0.000
v14_warm_r	uring	off	warm	stride	16384	250000	1	4	3	1	2048	4580	16654	34958	8059	9381707	218297	5	0	0	100.0	0.000
v14_warm_r	hybrid	off	warm	stride	16384	250000	1	4	3	2	2048	3570	4316	11895	4551	2531387	809043	5	0	0	0.0	0.000
v14_warm_r	uring	off	warm	stride	16384	250000	1	4	4	0	2048	4079	5089	14776	5041	2795382	732637	5	0	0	100.0	0.000
v14_warm_r	hybrid	off	warm	stride	16384	250000	1	4	4	1	2048	3181	3973	11849	4005	3913392	523331	5	0	0	0.0	0.000
v14_warm_r	pool	off	warm	stride	16384	250000	1	4	4	2	2048	3117	3915	9016	3680	3062588	668715	5	0	0	0.0	0.000
v14_warm_r	hybrid	off	warm	stride	16384	250000	1	4	5	0	2048	3008	3788	12909	3859	2194828	933103	5	0	0	0.0	0.000
v14_warm_r	pool	off	warm	stride	16384	250000	1	4	5	1	2048	2874	3610	4507	3260	3377002	606455	5	0	0	0.0	0.000
v14_warm_r	uring	off	warm	stride	16384	250000	1	4	5	2	2048	3784	4936	19554	4986	2855841	717127	5	0	0	100.0	0.000
v14_warm_r	pool	off	warm	stride	16384	250000	1	16	0	0	8192	4832	11189	2959569	9420	51801449	158142	27	0	0	1.6	0.000
v14_warm_r	uring	off	warm	stride	16384	250000	1	16	0	1	8192	5134	6542	31463	6492	14972958	547120	5	0	0	100.0	0.000
v14_warm_r	hybrid	off	warm	stride	16384	250000	1	16	0	2	8192	4204	4939	20485	5060	12750943	642462	5	0	0	0.0	0.000
v14_warm_r	uring	off	warm	stride	16384	250000	1	16	1	0	8192	5575	16211	36029	8087	21017670	389767	5	0	0	100.0	0.000
v14_warm_r	hybrid	off	warm	stride	16384	250000	1	16	1	1	8192	4429	5262	26601	5325	12050674	679796	5	0	0	0.0	0.000
v14_warm_r	pool	off	warm	stride	16384	250000	1	16	1	2	8192	4226	4961	10790	4692	10144542	807528	5	0	0	0.0	0.000
v14_warm_r	hybrid	off	warm	stride	16384	250000	1	16	2	0	8192	4173	4942	26585	5043	12315792	665162	5	0	0	0.0	0.000
v14_warm_r	pool	off	warm	stride	16384	250000	1	16	2	1	8192	4274	5139	10190	4701	11766527	696212	5	0	0	0.0	0.000
v14_warm_r	uring	off	warm	stride	16384	250000	1	16	2	2	8192	5016	6419	27247	6201	14157288	578642	5	0	0	100.0	0.000
v14_warm_r	pool	off	warm	stride	16384	250000	1	16	3	0	8192	4246	4991	10518	4642	10290155	796101	5	0	0	0.0	0.000
v14_warm_r	uring	off	warm	stride	16384	250000	1	16	3	1	8192	4921	6520	26871	6647	19386284	422567	5	0	0	100.0	0.000
v14_warm_r	hybrid	off	warm	stride	16384	250000	1	16	3	2	8192	4274	5074	22735	5090	10894173	751962	5	0	0	0.0	0.000
v14_warm_r	uring	off	warm	stride	16384	250000	1	16	4	0	8192	4937	6654	31941	6801	20580483	398047	5	0	0	100.0	0.000
v14_warm_r	hybrid	off	warm	stride	16384	250000	1	16	4	1	8192	4392	5343	25017	5380	13417484	610547	5	0	0	0.0	0.000
v14_warm_r	pool	off	warm	stride	16384	250000	1	16	4	2	8192	4279	5043	11245	4720	12000661	682629	5	0	0	0.0	0.000
v14_warm_r	hybrid	off	warm	stride	16384	250000	1	16	5	0	8192	4272	5047	26220	5133	11952587	685375	5	0	0	0.0	0.000
v14_warm_r	pool	off	warm	stride	16384	250000	1	16	5	1	8192	4260	5010	10403	4644	11646050	703414	5	0	0	0.0	0.000
v14_warm_r	uring	off	warm	stride	16384	250000	1	16	5	2	8192	5031	6717	31206	6630	15995595	512141	5	0	0	100.0	0.000
