arm	study	temp	trace	access	chunk	repeat	frames	asks	first_frame_ns	later_p50_ns	later_p99_ns	later_mean_ns	series_wall_ns	gap_p50_ns	gap_p99_ns	gap_max_ns	gap_samples	bytes_copied	hop_p50_ns	other_later_p50_ns	other_later_p99_ns	other_asks	cpu_us	runtime	hop_count
mmap_blocking_touch	frames_250k_live.sbnd	cold	reverse	full	16384	1	320	320	25440251	157764	2822604	289215	117820415	357	14734	527688	71319	0	54188	0	0	0	181748	multi	320
pread_blocking_pooled	frames_250k_live.sbnd	cold	reverse	full	16384	1	320	320	1077322	347076	818251	364448	117487939	360	13506	95297	84556	80000000	274308	0	0	0	197408	multi	320
pread_nowait_chunked	frames_250k_live.sbnd	cold	reverse	full	16384	1	320	320	618337	357839	560010	363648	116772004	450	36053	194486	53354	80000000	173123	0	0	0	171102	multi	320
pread_pipelined_pool	frames_250k_live.sbnd	cold	reverse	full	16384	1	320	320	779514	433411	699613	458246	147105468	463	23924	119232	69722	80000000	289797	0	0	0	235789	multi	320
uring_naive	frames_250k_live.sbnd	cold	reverse	full	16384	1	320	320	563956	342899	488898	344373	110787513	442	15679	378554	68178	80000000	192920	0	0	0	182571	multi	320
uring_tuned	frames_250k_live.sbnd	cold	reverse	full	16384	1	320	320	456672	365078	842546	381956	122640729	425	16173	301142	76254	80000000	249961	0	0	0	200021	multi	320
uring_pipelined	frames_250k_live.sbnd	cold	reverse	full	16384	1	320	320	523642	330670	541294	337729	108503322	525	25023	212683	47349	80000000	165894	0	0	0	176617	multi	320
mmap_blocking_touch	frames_250k_live.sbnd	cold	reverse	full	16384	2	320	320	3624860	146751	2837199	291139	96593565	519	18901	776207	40811	0	41671	0	0	0	142938	multi	320
pread_blocking_pooled	frames_250k_live.sbnd	cold	reverse	full	16384	2	320	320	627099	348084	645275	362764	116501951	359	13421	55558	85503	80000000	278954	0	0	0	188721	multi	320
pread_nowait_chunked	frames_250k_live.sbnd	cold	reverse	full	16384	2	320	320	500917	328365	529446	338401	108575690	426	39073	106979	47740	80000000	162607	0	0	0	158041	multi	320
pread_pipelined_pool	frames_250k_live.sbnd	cold	reverse	full	16384	2	320	320	707295	402434	695485	424667	136377001	369	26123	103775	67864	80000000	239217	0	0	0	220656	multi	320
uring_naive	frames_250k_live.sbnd	cold	reverse	full	16384	2	320	320	627118	302519	507794	308979	99446334	406	15728	225686	84498	80000000	168014	0	0	0	160280	multi	320
uring_tuned	frames_250k_live.sbnd	cold	reverse	full	16384	2	320	320	635633	281053	501531	290118	93448731	341	10778	90865	80999	80000000	191732	0	0	0	156939	multi	320
uring_pipelined	frames_250k_live.sbnd	cold	reverse	full	16384	2	320	320	436730	318615	504234	331959	106553737	535	25549	197559	44303	80000000	166082	0	0	0	175190	multi	320
mmap_blocking_touch	frames_250k_live.sbnd	cold	reverse	full	16384	3	320	320	4343542	138205	2346686	237004	80029930	406	15352	789196	41491	0	35933	0	0	0	117435	multi	320
pread_blocking_pooled	frames_250k_live.sbnd	cold	reverse	full	16384	3	320	320	679694	378160	693385	397200	127550857	365	13222	413592	85370	80000000	293683	0	0	0	205028	multi	320
pread_nowait_chunked	frames_250k_live.sbnd	cold	reverse	full	16384	3	320	320	568546	343923	490460	348918	112033708	272	21356	158213	81449	80000000	181720	0	0	0	166234	multi	320
pread_pipelined_pool	frames_250k_live.sbnd	cold	reverse	full	16384	3	320	320	670318	339579	566946	361923	116244262	363	21628	111124	70250	80000000	205340	0	0	0	191341	multi	320
uring_naive	frames_250k_live.sbnd	cold	reverse	full	16384	3	320	320	338707	335743	483587	340812	109384135	427	15373	262904	70168	80000000	190619	0	0	0	176668	multi	320
uring_tuned	frames_250k_live.sbnd	cold	reverse	full	16384	3	320	320	560123	340600	544303	351385	112976801	464	15999	236191	61802	80000000	235547	0	0	0	187652	multi	320
uring_pipelined	frames_250k_live.sbnd	cold	reverse	full	16384	3	320	320	791000	329678	556081	331577	106834008	508	24430	233666	53133	80000000	171688	0	0	0	171089	multi	320
mmap_blocking_touch	frames_250k_live.sbnd	cold	reverse	full	16384	4	320	320	2389190	124072	2510155	239197	78768035	384	14635	146424	44786	0	34273	0	0	0	114711	multi	320
pread_blocking_pooled	frames_250k_live.sbnd	cold	reverse	full	16384	4	320	320	532335	316603	456829	321417	103217449	361	15755	111297	63110	80000000	232155	0	0	0	162029	multi	320
pread_nowait_chunked	frames_250k_live.sbnd	cold	reverse	full	16384	4	320	320	574984	402976	573354	413381	132635869	332	22674	299809	78357	80000000	215820	0	0	0	197262	multi	320
pread_pipelined_pool	frames_250k_live.sbnd	cold	reverse	full	16384	4	320	320	867979	307785	643930	333442	107387312	365	22423	259025	58024	80000000	168125	0	0	0	176700	multi	320
uring_naive	frames_250k_live.sbnd	cold	reverse	full	16384	4	320	320	791181	370197	533368	370359	119543908	480	17054	603843	70341	80000000	222243	0	0	0	191170	multi	320
uring_tuned	frames_250k_live.sbnd	cold	reverse	full	16384	4	320	320	347658	317079	543256	326537	104759715	444	12903	228077	61947	80000000	226402	0	0	0	172186	multi	320
uring_pipelined	frames_250k_live.sbnd	cold	reverse	full	16384	4	320	320	623193	329914	480255	335817	107955650	442	21179	192525	67636	80000000	181889	0	0	0	167501	multi	320
mmap_blocking_touch	frames_250k_live.sbnd	cold	reverse	full	16384	5	320	320	2462388	149724	2727817	282674	92712320	510	18593	135640	39621	0	38502	0	0	0	137359	multi	320
pread_blocking_pooled	frames_250k_live.sbnd	cold	reverse	full	16384	5	320	320	547977	303648	429753	306763	98523866	426	14021	101843	56350	80000000	210694	0	0	0	155964	multi	320
pread_nowait_chunked	frames_250k_live.sbnd	cold	reverse	full	16384	5	320	320	753975	360423	574241	372081	119616687	362	25845	179614	65380	80000000	174117	0	0	0	175041	multi	320
pread_pipelined_pool	frames_250k_live.sbnd	cold	reverse	full	16384	5	320	320	662835	422554	675950	440586	141326865	367	23013	91539	79868	80000000	278231	0	0	0	228672	multi	320
uring_naive	frames_250k_live.sbnd	cold	reverse	full	16384	5	320	320	546222	358128	536373	366751	117892866	503	34050	332775	50334	80000000	215750	0	0	0	187906	multi	320
uring_tuned	frames_250k_live.sbnd	cold	reverse	full	16384	5	320	320	481840	311749	466195	315623	101393687	411	33893	151666	51757	80000000	222709	0	0	0	162139	multi	320
uring_pipelined	frames_250k_live.sbnd	cold	reverse	full	16384	5	320	320	622928	325389	580167	335918	107995790	514	24630	220319	51858	80000000	171294	0	0	0	171565	multi	320
mmap_blocking_touch	frames_250k_live.sbnd	cold	random	full	16384	1	320	320	3812007	149756	3922012	243356	81507891	517	18432	170241	35112	0	36380	0	0	0	120944	multi	320
pread_blocking_pooled	frames_250k_live.sbnd	cold	random	full	16384	1	320	320	537119	353759	1009947	350718	112582124	487	15130	335414	59138	80000000	262809	0	0	0	181551	multi	320
pread_nowait_chunked	frames_250k_live.sbnd	cold	random	full	16384	1	320	320	751148	77994	1284597	217234	70153231	363	15879	262135	43332	80000000	560218	0	0	0	112055	multi	59
pread_pipelined_pool	frames_250k_live.sbnd	cold	random	full	16384	1	320	320	927065	175599	1490631	284786	91905083	477	23394	92798	38851	80000000	32284	0	0	0	150124	multi	320
uring_naive	frames_250k_live.sbnd	cold	random	full	16384	1	320	320	693165	83667	1281148	193482	62637947	522	16271	219269	28047	80000000	466160	0	0	0	109538	multi	59
uring_tuned	frames_250k_live.sbnd	cold	random	full	16384	1	320	320	568337	306839	789339	283880	91393661	358	11101	312742	80816	80000000	252876	0	0	0	154284	multi	224
uring_pipelined	frames_250k_live.sbnd	cold	random	full	16384	1	320	320	670146	77680	956311	178066	57632551	498	14728	281018	30832	80000000	413778	0	0	0	101126	multi	58
mmap_blocking_touch	frames_250k_live.sbnd	cold	random	full	16384	2	320	320	3743131	131805	3934648	220691	74212356	446	15119	127672	38407	0	34846	0	0	0	112794	multi	320
pread_blocking_pooled	frames_250k_live.sbnd	cold	random	full	16384	2	320	320	799772	351635	1096267	347700	111889530	484	13679	103444	64022	80000000	277693	0	0	0	180542	multi	320
pread_nowait_chunked	frames_250k_live.sbnd	cold	random	full	16384	2	320	320	799706	61385	1322903	202579	65517617	374	14299	204519	43490	80000000	591152	0	0	0	104550	multi	59
pread_pipelined_pool	frames_250k_live.sbnd	cold	random	full	16384	2	320	320	617991	166227	1257497	266396	85725147	340	21229	93010	49393	80000000	35606	0	0	0	142502	multi	320
uring_naive	frames_250k_live.sbnd	cold	random	full	16384	2	320	320	760386	77158	1142494	202460	65608833	527	17898	312180	29823	80000000	487941	0	0	0	112194	multi	58
uring_tuned	frames_250k_live.sbnd	cold	random	full	16384	2	320	320	545275	296347	704620	271389	87364035	464	11839	268739	60520	80000000	234238	0	0	0	145347	multi	224
uring_pipelined	frames_250k_live.sbnd	cold	random	full	16384	2	320	320	693113	83726	940270	173969	56393089	503	13056	199452	30956	80000000	394104	0	0	0	102563	multi	59
mmap_blocking_touch	frames_250k_live.sbnd	cold	random	full	16384	3	320	320	4117516	136005	2981962	216351	73196390	512	16838	127658	31955	0	32554	0	0	0	110640	multi	320
pread_blocking_pooled	frames_250k_live.sbnd	cold	random	full	16384	3	320	320	2720162	312598	1240230	426350	138932381	271	12446	111123	159187	80000000	238768	0	0	0	209110	multi	320
pread_nowait_chunked	frames_250k_live.sbnd	cold	random	full	16384	3	320	320	669636	75907	1040971	180418	58316522	389	16011	217757	38386	80000000	410222	0	0	0	96038	multi	58
pread_pipelined_pool	frames_250k_live.sbnd	cold	random	full	16384	3	320	320	799925	182532	1323481	284263	91640015	521	23830	118709	33231	80000000	33466	0	0	0	148413	multi	320
uring_naive	frames_250k_live.sbnd	cold	random	full	16384	3	320	320	589908	75113	1196432	199587	64512924	491	13189	254785	33477	80000000	481255	0	0	0	111242	multi	59
uring_tuned	frames_250k_live.sbnd	cold	random	full	16384	3	320	320	461674	353660	981479	324861	104336823	513	14883	190127	55354	80000000	292042	0	0	0	167087	multi	224
uring_pipelined	frames_250k_live.sbnd	cold	random	full	16384	3	320	320	682854	75164	1213627	191674	62023865	516	15210	239765	33682	80000000	456686	0	0	0	104252	multi	59
mmap_blocking_touch	frames_250k_live.sbnd	cold	random	full	16384	4	320	320	3498192	140471	4015377	233355	77999820	493	15679	89581	34965	0	34409	0	0	0	116089	multi	320
pread_blocking_pooled	frames_250k_live.sbnd	cold	random	full	16384	4	320	320	763482	316975	1249747	335797	108046270	378	13673	272551	75151	80000000	247111	0	0	0	177535	multi	320
pread_nowait_chunked	frames_250k_live.sbnd	cold	random	full	16384	4	320	320	748194	61373	1532835	218406	70513020	385	12555	246222	48283	80000000	641124	0	0	0	112825	multi	59
pread_pipelined_pool	frames_250k_live.sbnd	cold	random	full	16384	4	320	320	812539	172950	1425787	272077	87732804	371	22504	91449	47909	80000000	42276	0	0	0	142660	multi	320
uring_naive	frames_250k_live.sbnd	cold	random	full	16384	4	320	320	641907	88206	1220092	205013	66308812	642	14795	137092	27670	80000000	507843	0	0	0	117552	multi	58
uring_tuned	frames_250k_live.sbnd	cold	random	full	16384	4	320	320	592129	314675	777896	289128	93063254	480	13028	3078774	53712	80000000	254906	0	0	0	153437	multi	224
uring_pipelined	frames_250k_live.sbnd	cold	random	full	16384	4	320	320	522697	76576	1001374	167010	53991527	518	14187	231793	27958	80000000	304617	0	0	0	96057	multi	58
mmap_blocking_touch	frames_250k_live.sbnd	cold	random	full	16384	5	320	320	3354318	138251	3658213	229952	76769190	500	15550	90815	34618	0	34740	0	0	0	114997	multi	320
pread_blocking_pooled	frames_250k_live.sbnd	cold	random	full	16384	5	320	320	702698	286445	977799	297789	95854681	368	11441	73770	72263	80000000	223892	0	0	0	158963	multi	320
pread_nowait_chunked	frames_250k_live.sbnd	cold	random	full	16384	5	320	320	721458	62553	1255029	186932	60439870	397	14688	296607	35996	80000000	437032	0	0	0	97556	multi	59
pread_pipelined_pool	frames_250k_live.sbnd	cold	random	full	16384	5	320	320	843637	158103	1349186	264650	85383517	418	21433	126413	40625	80000000	29563	0	0	0	139518	multi	320
uring_naive	frames_250k_live.sbnd	cold	random	full	16384	5	320	320	714520	72199	983080	177240	57494794	408	10346	111894	43692	80000000	413225	0	0	0	101263	multi	59
uring_tuned	frames_250k_live.sbnd	cold	random	full	16384	5	320	320	478808	319469	805838	286462	92104985	452	13436	215781	57989	80000000	240057	0	0	0	151094	multi	224
uring_pipelined	frames_250k_live.sbnd	cold	random	full	16384	5	320	320	794180	81131	1221841	189688	61484754	407	11684	238280	48121	80000000	456618	0	0	0	101772	multi	59
