arm	study	temp	trace	access	chunk	repeat	frames	asks	first_frame_ns	later_p50_ns	later_p99_ns	later_mean_ns	series_wall_ns	gap_p50_ns	gap_p99_ns	gap_max_ns	gap_samples	bytes_copied	hop_p50_ns	other_later_p50_ns	other_later_p99_ns	other_asks	cpu_ns	threads_max	runtime	hop_count
mmap_naive	frames_250k_live.sbnd	warm	forward	full	16384	1	320	320	53258	38240	95447	44700	14347536	322	14892	67254	11694	0	0	0	0	0	32764720	5	multi	0
mmap_hybrid_mincore	frames_250k_live.sbnd	warm	forward	full	16384	1	320	320	110796	47307	96666	53570	17241804	705	17855	64245	8067	0	0	0	0	0	38460284	5	multi	0
mmap_blocking_touch	frames_250k_live.sbnd	warm	forward	full	16384	1	320	320	199393	153294	302918	161026	51645898	303	20435	74152	23170	0	29690	0	0	0	77425622	6	multi	320
mmap_touch_in_place	frames_250k_live.sbnd	warm	forward	full	16384	1	320	320	93385	62485	167593	66991	21516779	703	16873	72787	9646	0	15025	0	0	0	48797281	6	multi	320
pread_blocking_pooled	frames_250k_live.sbnd	warm	forward	full	16384	1	320	320	505128	172542	264424	166760	53809733	319	18805	66647	29615	80000000	71356	0	0	0	88772509	6	multi	320
pread_nowait	frames_250k_live.sbnd	warm	forward	full	16384	1	320	320	223169	55485	112779	61184	19787467	343	15990	69209	14480	80000000	0	0	0	0	44215396	5	multi	0
pread_nowait_chunked	frames_250k_live.sbnd	warm	forward	full	16384	1	320	320	394948	58036	112903	63488	20694856	347	15822	132928	14150	80000000	0	0	0	0	45933072	5	multi	0
uring_nowait_hybrid	frames_250k_live.sbnd	warm	forward	full	16384	1	320	320	87841	57086	117507	63779	22247658	360	16209	119069	14926	80000000	0	0	0	0	50482696	5	multi	0
mmap_naive	frames_250k_live.sbnd	warm	forward	full	16384	2	320	320	70235	39581	90783	44850	14408595	328	14697	58404	11912	0	0	0	0	0	32042625	5	multi	0
mmap_hybrid_mincore	frames_250k_live.sbnd	warm	forward	full	16384	2	320	320	50568	42115	100584	47583	15260865	351	16444	69364	10764	0	0	0	0	0	33998836	5	multi	0
mmap_blocking_touch	frames_250k_live.sbnd	warm	forward	full	16384	2	320	320	374600	207404	392671	223058	71628817	520	31523	85486	15787	0	45946	0	0	0	97748709	6	multi	320
mmap_touch_in_place	frames_250k_live.sbnd	warm	forward	full	16384	2	320	320	88200	56362	154609	63008	20231342	334	16178	58251	15309	0	15005	0	0	0	45172959	6	multi	320
pread_blocking_pooled	frames_250k_live.sbnd	warm	forward	full	16384	2	320	320	319616	172929	258050	170102	54685966	342	20234	173124	25310	80000000	69597	0	0	0	89641796	6	multi	320
pread_nowait	frames_250k_live.sbnd	warm	forward	full	16384	2	320	320	227042	58659	152493	65975	21333574	335	16197	179061	15649	80000000	0	0	0	0	46924205	5	multi	0
pread_nowait_chunked	frames_250k_live.sbnd	warm	forward	full	16384	2	320	320	150122	59501	143535	66686	21480159	332	15531	86943	16089	80000000	0	0	0	0	47667313	5	multi	0
uring_nowait_hybrid	frames_250k_live.sbnd	warm	forward	full	16384	2	320	320	136143	60081	129717	67042	21704107	322	17210	249494	16098	80000000	0	0	0	0	48195087	5	multi	0
mmap_naive	frames_250k_live.sbnd	warm	forward	full	16384	3	320	320	99342	46942	93706	51959	16704461	557	16268	79740	8036	0	0	0	0	0	37219276	5	multi	0
mmap_hybrid_mincore	frames_250k_live.sbnd	warm	forward	full	16384	3	320	320	126895	47992	107477	53383	17186700	723	18215	76297	8078	0	0	0	0	0	38245995	5	multi	0
mmap_blocking_touch	frames_250k_live.sbnd	warm	forward	full	16384	3	320	320	349076	179858	320613	183660	59027764	411	28768	145138	16623	0	34243	0	0	0	83377944	6	multi	320
mmap_touch_in_place	frames_250k_live.sbnd	warm	forward	full	16384	3	320	320	123168	55723	130353	60852	19577199	336	14620	74632	15027	0	14615	0	0	0	44899718	6	multi	320
pread_blocking_pooled	frames_250k_live.sbnd	warm	forward	full	16384	3	320	320	332719	165886	234543	162877	52407749	326	19046	73166	26911	80000000	69536	0	0	0	86133455	6	multi	320
pread_nowait	frames_250k_live.sbnd	warm	forward	full	16384	3	320	320	136513	61636	116151	66468	21388582	415	15648	54435	13071	80000000	0	0	0	0	47829766	5	multi	0
pread_nowait_chunked	frames_250k_live.sbnd	warm	forward	full	16384	3	320	320	161711	58820	118974	64720	20856736	323	14710	70159	14955	80000000	0	0	0	0	46103620	5	multi	0
uring_nowait_hybrid	frames_250k_live.sbnd	warm	forward	full	16384	3	320	320	94643	58025	108478	63319	20445115	333	15132	130610	16051	80000000	0	0	0	0	45673208	5	multi	0
mmap_naive	frames_250k_live.sbnd	warm	forward	full	16384	4	320	320	60315	40051	98430	45593	14636894	316	14509	90522	12667	0	0	0	0	0	32509688	5	multi	0
mmap_hybrid_mincore	frames_250k_live.sbnd	warm	forward	full	16384	4	320	320	91391	42178	93560	48471	15584268	320	14454	194886	12086	0	0	0	0	0	34767590	5	multi	0
mmap_blocking_touch	frames_250k_live.sbnd	warm	forward	full	16384	4	320	320	271507	49301	239678	69449	22474627	319	17260	88627	14310	0	7074	0	0	0	43432175	6	multi	320
mmap_touch_in_place	frames_250k_live.sbnd	warm	forward	full	16384	4	320	320	109012	55331	113416	59937	19271031	355	15295	68203	13788	0	14858	0	0	0	44195267	6	multi	320
pread_blocking_pooled	frames_250k_live.sbnd	warm	forward	full	16384	4	320	320	255500	172450	260588	168947	54241110	339	20162	111402	25307	80000000	71824	0	0	0	88245356	6	multi	320
pread_nowait	frames_250k_live.sbnd	warm	forward	full	16384	4	320	320	201789	56345	121751	62524	20198715	375	16160	316573	12625	80000000	0	0	0	0	44426912	5	multi	0
pread_nowait_chunked	frames_250k_live.sbnd	warm	forward	full	16384	4	320	320	144456	57523	125735	65869	21219898	347	15387	59099	15899	80000000	0	0	0	0	46999946	5	multi	0
uring_nowait_hybrid	frames_250k_live.sbnd	warm	forward	full	16384	4	320	320	120112	65018	133623	71497	23427567	722	17408	77702	10182	80000000	0	0	0	0	52584515	5	multi	0
mmap_naive	frames_250k_live.sbnd	warm	forward	full	16384	5	320	320	54941	44807	102173	50128	16080996	704	15925	83489	8377	0	0	0	0	0	35780270	5	multi	0
mmap_hybrid_mincore	frames_250k_live.sbnd	warm	forward	full	16384	5	320	320	104817	41331	90822	46767	15054502	318	14693	106240	12043	0	0	0	0	0	33281548	5	multi	0
mmap_blocking_touch	frames_250k_live.sbnd	warm	forward	full	16384	5	320	320	262578	145062	301613	145726	46825918	308	19195	111744	24004	0	29228	0	0	0	73072367	6	multi	320
mmap_touch_in_place	frames_250k_live.sbnd	warm	forward	full	16384	5	320	320	89915	56300	156897	64142	20600997	362	16532	78878	14766	0	15192	0	0	0	46177080	6	multi	320
pread_blocking_pooled	frames_250k_live.sbnd	warm	forward	full	16384	5	320	320	399536	163218	236928	158116	50932939	320	18647	154395	25865	80000000	67822	0	0	0	84605543	6	multi	320
pread_nowait	frames_250k_live.sbnd	warm	forward	full	16384	5	320	320	142351	55445	123503	61617	19847944	355	14692	77474	13544	80000000	0	0	0	0	44299615	5	multi	0
pread_nowait_chunked	frames_250k_live.sbnd	warm	forward	full	16384	5	320	320	170095	56887	118534	63721	20544259	325	14887	80019	16634	80000000	0	0	0	0	45768152	5	multi	0
uring_nowait_hybrid	frames_250k_live.sbnd	warm	forward	full	16384	5	320	320	270237	66742	156643	86114	28112794	553	20670	384231	12219	80000000	0	0	0	0	62165124	5	multi	0
mmap_naive	frames_250k_live.sbnd	warm	forward	full	16384	6	320	320	84131	39988	82335	45236	14547581	323	14738	48144	12400	0	0	0	0	0	32692348	5	multi	0
mmap_hybrid_mincore	frames_250k_live.sbnd	warm	forward	full	16384	6	320	320	61593	48001	101237	53175	17058018	537	18746	68031	8602	0	0	0	0	0	38397184	5	multi	0
mmap_blocking_touch	frames_250k_live.sbnd	warm	forward	full	16384	6	320	320	262131	138206	310938	151959	48840245	317	19870	87313	24249	0	31400	0	0	0	76794991	6	multi	320
mmap_touch_in_place	frames_250k_live.sbnd	warm	forward	full	16384	6	320	320	152495	56429	157837	62857	20247163	349	16201	85350	14484	0	15080	0	0	0	45494828	6	multi	320
pread_blocking_pooled	frames_250k_live.sbnd	warm	forward	full	16384	6	320	320	280574	174910	300187	169871	54563820	330	20168	123854	25073	80000000	69630	0	0	0	87723281	6	multi	320
pread_nowait	frames_250k_live.sbnd	warm	forward	full	16384	6	320	320	225709	55897	100636	62085	20082462	320	14945	183551	15348	80000000	0	0	0	0	44190695	5	multi	0
pread_nowait_chunked	frames_250k_live.sbnd	warm	forward	full	16384	6	320	320	191713	56886	116239	63521	20503751	344	14900	72097	14588	80000000	0	0	0	0	45227993	5	multi	0
uring_nowait_hybrid	frames_250k_live.sbnd	warm	forward	full	16384	6	320	320	193379	64367	137728	71993	23332780	721	17281	152627	9955	80000000	0	0	0	0	51938837	5	multi	0
mmap_naive	frames_250k_live.sbnd	warm	forward	full	16384	7	320	320	73550	46507	107547	52636	16895997	707	15728	79329	8351	0	0	0	0	0	37290595	5	multi	0
mmap_hybrid_mincore	frames_250k_live.sbnd	warm	forward	full	16384	7	320	320	104563	41166	90686	46417	14940094	320	15018	74487	12134	0	0	0	0	0	33095664	5	multi	0
mmap_blocking_touch	frames_250k_live.sbnd	warm	forward	full	16384	7	320	320	194633	191370	404040	217523	69684376	439	26729	141491	19983	0	38629	0	0	0	97045864	6	multi	320
mmap_touch_in_place	frames_250k_live.sbnd	warm	forward	full	16384	7	320	320	116015	57303	237183	66259	21301209	334	16653	73170	15861	0	15184	0	0	0	47050985	8	multi	320
pread_blocking_pooled	frames_250k_live.sbnd	warm	forward	full	16384	7	320	320	297307	169365	294608	172008	55278414	447	26807	83849	20073	80000000	69350	0	0	0	89692744	6	multi	320
pread_nowait	frames_250k_live.sbnd	warm	forward	full	16384	7	320	320	187549	57728	122166	63742	20572604	320	15124	139629	15005	80000000	0	0	0	0	45157340	5	multi	0
pread_nowait_chunked	frames_250k_live.sbnd	warm	forward	full	16384	7	320	320	132670	62845	118021	68531	22052670	715	15640	71961	9805	80000000	0	0	0	0	49350145	5	multi	0
uring_nowait_hybrid	frames_250k_live.sbnd	warm	forward	full	16384	7	320	320	95759	62625	118300	68564	22634247	715	17118	88619	10640	80000000	0	0	0	0	50582521	5	multi	0
mmap_naive	frames_250k_live.sbnd	warm	forward	full	16384	8	320	320	73989	44936	97751	50521	16221164	606	16743	98604	7646	0	0	0	0	0	36083799	5	multi	0
mmap_hybrid_mincore	frames_250k_live.sbnd	warm	forward	full	16384	8	320	320	87136	40962	122323	47491	15267758	340	15617	67714	11673	0	0	0	0	0	33943091	5	multi	0
mmap_blocking_touch	frames_250k_live.sbnd	warm	forward	full	16384	8	320	320	193042	144618	290278	149589	47993834	316	19361	100862	24270	0	29619	0	0	0	72985810	6	multi	320
mmap_touch_in_place	frames_250k_live.sbnd	warm	forward	full	16384	8	320	320	95951	62063	167623	67448	21657843	588	16708	108445	10534	0	14733	0	0	0	48499310	6	multi	320
pread_blocking_pooled	frames_250k_live.sbnd	warm	forward	full	16384	8	320	320	286474	168289	276060	168961	54285095	320	20964	90901	26342	80000000	73914	0	0	0	88735242	6	multi	320
pread_nowait	frames_250k_live.sbnd	warm	forward	full	16384	8	320	320	142073	56659	115044	62875	20262881	318	15633	124993	16882	80000000	0	0	0	0	45109621	5	multi	0
pread_nowait_chunked	frames_250k_live.sbnd	warm	forward	full	16384	8	320	320	119200	67255	149677	75266	24182418	709	19962	109506	8890	80000000	0	0	0	0	53519852	5	multi	0
uring_nowait_hybrid	frames_250k_live.sbnd	warm	forward	full	16384	8	320	320	109767	58795	118733	65962	21340459	328	14477	129217	16185	80000000	0	0	0	0	47736403	5	multi	0
mmap_naive	frames_250k_live.sbnd	warm	forward	full	16384	9	320	320	103474	40560	89843	46193	14871008	320	14538	51777	12584	0	0	0	0	0	33007683	5	multi	0
mmap_hybrid_mincore	frames_250k_live.sbnd	warm	forward	full	16384	9	320	320	136338	41439	95033	47794	15412366	311	14846	74759	14413	0	0	0	0	0	34157712	5	multi	0
mmap_blocking_touch	frames_250k_live.sbnd	warm	forward	full	16384	9	320	320	165858	148998	348068	158649	50857610	312	19995	83391	24399	0	31997	0	0	0	77074939	6	multi	320
mmap_touch_in_place	frames_250k_live.sbnd	warm	forward	full	16384	9	320	320	142984	62894	164758	69847	22471542	726	18561	75733	8138	0	15141	0	0	0	50538810	9	multi	320
pread_blocking_pooled	frames_250k_live.sbnd	warm	forward	full	16384	9	320	320	425260	179423	348789	183837	59197078	337	18901	105751	32837	80000000	87866	0	0	0	101077567	6	multi	320
pread_nowait	frames_250k_live.sbnd	warm	forward	full	16384	9	320	320	278788	57526	117386	63256	20502651	321	15448	155653	20266	80000000	0	0	0	0	45675246	5	multi	0
pread_nowait_chunked	frames_250k_live.sbnd	warm	forward	full	16384	9	320	320	96251	62134	178585	69930	22451320	496	18255	424954	10938	80000000	0	0	0	0	45878558	5	multi	0
uring_nowait_hybrid	frames_250k_live.sbnd	warm	forward	full	16384	9	320	320	147960	64221	124719	70923	22928083	721	17062	154433	9790	80000000	0	0	0	0	50997607	5	multi	0
