layout	temp	arm	study	temp	trace	access	chunk	repeat	frames	asks	first_frame_ns	later_p50_ns	later_p99_ns	later_mean_ns	series_wall_ns	gap_p50_ns	gap_p99_ns	gap_max_ns	gap_samples	bytes_copied	hop_p50_ns	other_later_p50_ns	other_later_p99_ns	other_asks	cpu_ns	threads_max	runtime	hop_count
frame_major_prefix	cold	pread_nowait_chunked	frames_250k_live.sbnd	cold	forward	full	16384	1	320	320	180404	96646	158365	102672	33016748	269	53518	97617	16074	5242880	63808	0	0	0	48693409	6	multi	320
frame_major_prefix	cold	pread_blocking_pooled	frames_250k_live.sbnd	cold	forward	full	16384	1	320	320	262221	103649	191905	114035	36721692	256	15494	79324	46512	5242880	95616	0	0	0	59136199	7	multi	320
frame_major_prefix	cold	uring_nowait_hybrid	frames_250k_live.sbnd	cold	forward	full	16384	1	320	320	160735	83826	136650	86850	28154261	381	22471	107334	16013	5242880	45675	0	0	0	43955099	5	multi	320
frame_major_prefix	cold	pread_nowait_chunked	frames_250k_live.sbnd	cold	forward	full	16384	2	320	320	171885	94273	152455	96990	31184189	258	96821	156896	3328	5242880	67246	0	0	0	38118120	6	multi	319
frame_major_prefix	cold	pread_blocking_pooled	frames_250k_live.sbnd	cold	forward	full	16384	2	320	320	247811	83076	155023	86768	28001579	255	15359	149722	40115	5242880	76442	0	0	0	49533691	7	multi	320
frame_major_prefix	cold	uring_nowait_hybrid	frames_250k_live.sbnd	cold	forward	full	16384	2	320	320	152910	92576	155174	95246	30692079	435	50881	177428	10079	5242880	61141	0	0	0	49558456	5	multi	319
frame_major_prefix	cold	pread_nowait_chunked	frames_250k_live.sbnd	cold	forward	full	16384	3	320	320	146829	93443	142959	96238	30915091	293	108786	141203	1895	5242880	66871	0	0	0	36997977	6	multi	318
frame_major_prefix	cold	pread_blocking_pooled	frames_250k_live.sbnd	cold	forward	full	16384	3	320	320	247478	109391	186888	114092	36718417	379	46768	127812	7866	5242880	106094	0	0	0	54358978	6	multi	320
frame_major_prefix	cold	uring_nowait_hybrid	frames_250k_live.sbnd	cold	forward	full	16384	3	320	320	3420727	86240	151604	88912	31917809	254	17401	138853	27000	5242880	53924	0	0	0	47893683	5	multi	318
frame_major_prefix	cold	pread_nowait_chunked	frames_250k_live.sbnd	cold	forward	full	16384	4	320	320	158073	94584	136122	97319	31274411	258	96299	175971	4210	5242880	67469	0	0	0	38245658	6	multi	318
frame_major_prefix	cold	pread_blocking_pooled	frames_250k_live.sbnd	cold	forward	full	16384	4	320	320	234683	106555	175112	111459	35882146	268	42925	102796	15057	5242880	102826	0	0	0	53511435	7	multi	320
frame_major_prefix	cold	uring_nowait_hybrid	frames_250k_live.sbnd	cold	forward	full	16384	4	320	320	204932	91984	167442	96737	31327068	370	47688	109108	10499	5242880	61871	0	0	0	50637897	5	multi	319
frame_major_prefix	cold	pread_nowait_chunked	frames_250k_live.sbnd	cold	forward	full	16384	5	320	320	966000	90291	156403	111940	36751904	263	53005	502903	16660	5242880	60219	0	0	0	49957157	6	multi	320
frame_major_prefix	cold	pread_blocking_pooled	frames_250k_live.sbnd	cold	forward	full	16384	5	320	320	286246	106179	186304	114310	36825332	250	15391	81091	46016	5242880	95188	0	0	0	58744959	6	multi	320
frame_major_prefix	cold	uring_nowait_hybrid	frames_250k_live.sbnd	cold	forward	full	16384	5	320	320	196716	96747	160145	100144	32298365	496	45655	172645	11992	5242880	63066	0	0	0	51721432	5	multi	318
frame_major_prefix	cold	pread_nowait_chunked	frames_250k_live.sbnd	cold	forward	full	16384	6	320	320	169293	92427	158846	144188	46250157	256	21088	230407	33347	5242880	61791	0	0	0	76581535	6	multi	318
frame_major_prefix	cold	pread_blocking_pooled	frames_250k_live.sbnd	cold	forward	full	16384	6	320	320	273689	109989	161724	113631	36592905	401	49714	158658	7298	5242880	106635	0	0	0	54125796	7	multi	320
frame_major_prefix	cold	uring_nowait_hybrid	frames_250k_live.sbnd	cold	forward	full	16384	6	320	320	201389	103745	170216	103588	33499324	251	17124	253362	35582	5242880	68705	0	0	0	52353990	5	multi	319
frame_major_prefix	cold	pread_nowait_chunked	frames_250k_live.sbnd	cold	forward	full	16384	7	320	320	213715	95529	154152	97328	31357231	268	54935	124246	12558	5242880	61890	0	0	0	45517944	6	multi	320
frame_major_prefix	cold	pread_blocking_pooled	frames_250k_live.sbnd	cold	forward	full	16384	7	320	320	271110	108580	212639	115552	37231973	257	18036	151567	32942	5242880	100924	0	0	0	60635885	7	multi	320
frame_major_prefix	cold	uring_nowait_hybrid	frames_250k_live.sbnd	cold	forward	full	16384	7	320	320	161853	114197	195364	120565	38769187	784	71156	149035	6103	5242880	76783	0	0	0	64156352	5	multi	319
frame_major_prefix	cold	pread_nowait_chunked	frames_250k_live.sbnd	cold	forward	full	16384	8	320	320	202635	87338	161060	91565	29526639	255	56529	102521	13889	5242880	47925	0	0	0	39948778	6	multi	319
frame_major_prefix	cold	pread_blocking_pooled	frames_250k_live.sbnd	cold	forward	full	16384	8	320	320	264233	86049	155446	88838	28690007	290	28724	96682	15358	5242880	77585	0	0	0	47382409	7	multi	320
frame_major_prefix	cold	uring_nowait_hybrid	frames_250k_live.sbnd	cold	forward	full	16384	8	320	320	185232	114078	186661	114794	36986789	264	20231	193725	33290	5242880	74236	0	0	0	55262454	5	multi	320
frame_major_prefix	cold	pread_nowait_chunked	frames_250k_live.sbnd	cold	forward	full	16384	9	320	320	159751	65420	175285	78303	25250455	256	59550	110595	9791	5242880	33258	0	0	0	35126456	6	multi	320
frame_major_prefix	cold	pread_blocking_pooled	frames_250k_live.sbnd	cold	forward	full	16384	9	320	320	279503	105052	249700	117707	37916029	278	19850	160402	28572	5242880	98382	0	0	0	63883496	7	multi	320
frame_major_prefix	cold	uring_nowait_hybrid	frames_250k_live.sbnd	cold	forward	full	16384	9	320	320	1686974	95400	169148	98369	33295219	259	19961	208623	30050	5242880	53847	0	0	0	49934474	5	multi	318
rung_major_stripe	cold	pread_nowait_chunked	frames_16k_big.sbnd	cold	stripe_320	full	16384	1	5120	320	344936	3976	71934	12119	4251158	507	37383	107641	1036	5242880	339514	0	0	0	6390495	6	multi	2
rung_major_stripe	cold	pread_blocking_pooled	frames_16k_big.sbnd	cold	stripe_320	full	16384	1	5120	320	327540	31192	75969	34367	11371097	400	35012	69798	1614	5242880	29102	0	0	0	16698932	6	multi	320
rung_major_stripe	cold	uring_nowait_hybrid	frames_16k_big.sbnd	cold	stripe_320	full	16384	1	5120	320	203269	3304	55659	9161	3221336	297	19793	70995	2238	5242880	343357	0	0	0	6330243	5	multi	3
rung_major_stripe	cold	pread_nowait_chunked	frames_16k_big.sbnd	cold	stripe_320	full	16384	2	5120	320	256219	3456	101502	9484	3307936	270	17761	119630	2593	5242880	166901	0	0	0	6340763	6	multi	3
rung_major_stripe	cold	pread_blocking_pooled	frames_16k_big.sbnd	cold	stripe_320	full	16384	2	5120	320	262872	31293	92052	34012	11182055	320	34164	100079	1781	5242880	29124	0	0	0	16114810	6	multi	320
rung_major_stripe	cold	uring_nowait_hybrid	frames_16k_big.sbnd	cold	stripe_320	full	16384	2	5120	320	217244	3350	66778	9241	3310461	434	16605	219826	1748	5242880	325141	0	0	0	6209069	5	multi	3
rung_major_stripe	cold	pread_nowait_chunked	frames_16k_big.sbnd	cold	stripe_320	full	16384	3	5120	320	203374	3635	63660	10288	3520242	453	18810	78140	1592	5242880	330192	0	0	0	5779464	6	multi	2
rung_major_stripe	cold	pread_blocking_pooled	frames_16k_big.sbnd	cold	stripe_320	full	16384	3	5120	320	316311	45040	85205	44598	14646401	269	31629	118890	2875	5242880	29128	0	0	0	20486696	7	multi	320
rung_major_stripe	cold	uring_nowait_hybrid	frames_16k_big.sbnd	cold	stripe_320	full	16384	3	5120	320	135102	3338	50152	8689	3152897	439	16075	54781	2239	5242880	298367	0	0	0	6408991	5	multi	3
rung_major_stripe	cold	pread_nowait_chunked	frames_16k_big.sbnd	cold	stripe_320	full	16384	4	5120	320	176011	3642	69619	12698	4261163	439	19566	160166	1922	5242880	323675	0	0	0	6547945	6	multi	3
rung_major_stripe	cold	pread_blocking_pooled	frames_16k_big.sbnd	cold	stripe_320	full	16384	4	5120	320	316232	31713	84875	37651	12412047	323	30240	81523	3213	5242880	29001	0	0	0	18723213	6	multi	320
rung_major_stripe	cold	uring_nowait_hybrid	frames_16k_big.sbnd	cold	stripe_320	full	16384	4	5120	320	211908	17614	72465	14296	4906509	505	27342	191612	1117	5242880	418466	0	0	0	7018965	5	multi	2
rung_major_stripe	cold	pread_nowait_chunked	frames_16k_big.sbnd	cold	stripe_320	full	16384	5	5120	320	160259	3106	93399	8548	2913317	260	18217	100833	2594	5242880	94815	0	0	0	5486500	6	multi	4
rung_major_stripe	cold	pread_blocking_pooled	frames_16k_big.sbnd	cold	stripe_320	full	16384	5	5120	320	266415	31331	73772	34144	11231441	364	38650	99111	1694	5242880	29015	0	0	0	16108285	6	multi	320
rung_major_stripe	cold	uring_nowait_hybrid	frames_16k_big.sbnd	cold	stripe_320	full	16384	5	5120	320	213391	3529	54478	12689	4385444	436	19369	184445	2274	5242880	295507	0	0	0	7115141	5	multi	3
rung_major_stripe	cold	pread_nowait_chunked	frames_16k_big.sbnd	cold	stripe_320	full	16384	6	5120	320	261656	2953	89379	13772	4682655	281	17619	117997	3233	5242880	370178	0	0	0	7380850	6	multi	3
rung_major_stripe	cold	pread_blocking_pooled	frames_16k_big.sbnd	cold	stripe_320	full	16384	6	5120	320	313474	33572	96993	37015	12214000	277	32233	146985	2477	5242880	30523	0	0	0	18291294	6	multi	320
rung_major_stripe	cold	uring_nowait_hybrid	frames_16k_big.sbnd	cold	stripe_320	full	16384	6	5120	320	218247	3644	64669	10945	3941933	470	19543	60430	2174	5242880	335284	0	0	0	7646731	5	multi	3
rung_major_stripe	cold	pread_nowait_chunked	frames_16k_big.sbnd	cold	stripe_320	full	16384	7	5120	320	243641	3147	78657	10768	3707380	257	18259	126411	3318	5242880	315778	0	0	0	5836817	6	multi	3
rung_major_stripe	cold	pread_blocking_pooled	frames_16k_big.sbnd	cold	stripe_320	full	16384	7	5120	320	297979	33757	77408	37074	12223762	279	32486	110110	2901	5242880	30529	0	0	0	18099341	6	multi	320
rung_major_stripe	cold	uring_nowait_hybrid	frames_16k_big.sbnd	cold	stripe_320	full	16384	7	5120	320	239891	3586	67758	12646	4429762	255	18970	228573	4028	5242880	342594	0	0	0	7248954	5	multi	3
rung_major_stripe	cold	pread_nowait_chunked	frames_16k_big.sbnd	cold	stripe_320	full	16384	8	5120	320	205943	3173	62784	9041	3134355	253	17736	157583	3197	5242880	296183	0	0	0	5545977	6	multi	3
rung_major_stripe	cold	pread_blocking_pooled	frames_16k_big.sbnd	cold	stripe_320	full	16384	8	5120	320	377233	45147	85828	43544	14392232	279	30076	77001	4112	5242880	29226	0	0	0	20483449	6	multi	320
rung_major_stripe	cold	uring_nowait_hybrid	frames_16k_big.sbnd	cold	stripe_320	full	16384	8	5120	320	169510	3145	62595	8276	2936261	260	15654	273617	2493	5242880	1047071	0	0	0	5458401	5	multi	1
rung_major_stripe	cold	pread_nowait_chunked	frames_16k_big.sbnd	cold	stripe_320	full	16384	9	5120	320	208076	17497	90570	17807	5934341	267	18584	96402	2391	5242880	313284	0	0	0	8001299	6	multi	3
rung_major_stripe	cold	pread_blocking_pooled	frames_16k_big.sbnd	cold	stripe_320	full	16384	9	5120	320	224025	31663	91243	35160	11516569	291	32035	87532	2594	5242880	29031	0	0	0	16593982	7	multi	320
rung_major_stripe	cold	uring_nowait_hybrid	frames_16k_big.sbnd	cold	stripe_320	full	16384	9	5120	320	177222	3373	53652	8720	3183642	262	17635	61474	3111	5242880	329306	0	0	0	6696575	5	multi	3
frame_major_prefix	warm	pread_nowait_chunked	frames_250k_live.sbnd	warm	forward	full	16384	1	320	320	50029	3017	23186	3777	1278389	257	17123	144347	1332	5242880	0	0	0	0	3007215	5	multi	0
frame_major_prefix	warm	pread_blocking_pooled	frames_250k_live.sbnd	warm	forward	full	16384	1	320	320	193663	45509	76598	44628	14539125	281	33902	117015	2645	5242880	29527	0	0	0	20444900	6	multi	320
frame_major_prefix	warm	uring_nowait_hybrid	frames_250k_live.sbnd	warm	forward	full	16384	1	320	320	37443	3033	24647	4084	1448950	264	17653	133262	1379	5242880	0	0	0	0	3436780	5	multi	0
frame_major_prefix	warm	pread_nowait_chunked	frames_250k_live.sbnd	warm	forward	full	16384	2	320	320	22584	2199	10228	2555	856591	396	19292	62433	565	5242880	0	0	0	0	2199002	5	multi	0
frame_major_prefix	warm	pread_blocking_pooled	frames_250k_live.sbnd	warm	forward	full	16384	2	320	320	112143	45934	80954	43884	14237137	376	36190	115785	1602	5242880	29846	0	0	0	19718177	6	multi	320
frame_major_prefix	warm	uring_nowait_hybrid	frames_250k_live.sbnd	warm	forward	full	16384	2	320	320	17999	3102	23033	3752	1295638	329	17925	56710	1056	5242880	0	0	0	0	3457552	5	multi	0
frame_major_prefix	warm	pread_nowait_chunked	frames_250k_live.sbnd	warm	forward	full	16384	3	320	320	31484	2652	24312	3321	1112037	529	19106	59148	547	5242880	0	0	0	0	2720269	5	multi	0
frame_major_prefix	warm	pread_blocking_pooled	frames_250k_live.sbnd	warm	forward	full	16384	3	320	320	106314	34267	80085	39561	12821812	2866	37415	86290	1154	5242880	29138	0	0	0	17867616	6	multi	320
frame_major_prefix	warm	uring_nowait_hybrid	frames_250k_live.sbnd	warm	forward	full	16384	3	320	320	43235	2757	25843	3891	1385356	275	17504	119452	2023	5242880	0	0	0	0	3371922	5	multi	0
frame_major_prefix	warm	pread_nowait_chunked	frames_250k_live.sbnd	warm	forward	full	16384	4	320	320	17380	2359	4310	2604	866472	2284	4874	35162	411	5242880	0	0	0	0	1034090	5	multi	0
frame_major_prefix	warm	pread_blocking_pooled	frames_250k_live.sbnd	warm	forward	full	16384	4	320	320	147505	32427	298533	45436	14726020	276	32718	345157	4019	5242880	29948	0	0	0	21753429	7	multi	320
frame_major_prefix	warm	uring_nowait_hybrid	frames_250k_live.sbnd	warm	forward	full	16384	4	320	320	40187	2997	26179	4001	1422575	257	16174	132790	1550	5242880	0	0	0	0	3228662	5	multi	0
frame_major_prefix	warm	pread_nowait_chunked	frames_250k_live.sbnd	warm	forward	full	16384	5	320	320	15062	2459	21599	3152	1042168	256	16843	38083	1309	5242880	0	0	0	0	2500807	5	multi	0
frame_major_prefix	warm	pread_blocking_pooled	frames_250k_live.sbnd	warm	forward	full	16384	5	320	320	122757	46105	96202	46583	15091022	258	31533	105113	3956	5242880	29587	0	0	0	21270491	7	multi	320
frame_major_prefix	warm	uring_nowait_hybrid	frames_250k_live.sbnd	warm	forward	full	16384	5	320	320	14960	2350	8737	2795	997429	338	18947	53483	840	5242880	0	0	0	0	2727911	5	multi	0
frame_major_prefix	warm	pread_nowait_chunked	frames_250k_live.sbnd	warm	forward	full	16384	6	320	320	39106	3043	25440	4644	1547328	255	16955	54271	2120	5242880	0	0	0	0	3311556	5	multi	0
frame_major_prefix	warm	pread_blocking_pooled	frames_250k_live.sbnd	warm	forward	full	16384	6	320	320	166259	45432	79265	45145	14675812	385	36592	105313	1806	5242880	29414	0	0	0	20226319	6	multi	320
frame_major_prefix	warm	uring_nowait_hybrid	frames_250k_live.sbnd	warm	forward	full	16384	6	320	320	20421	2222	17580	2632	971294	266	15934	62057	894	5242880	0	0	0	0	2666364	5	multi	0
frame_major_prefix	warm	pread_nowait_chunked	frames_250k_live.sbnd	warm	forward	full	16384	7	320	320	47312	2514	21800	3389	1150872	266	17392	48514	1249	5242880	0	0	0	0	2521354	5	multi	0
frame_major_prefix	warm	pread_blocking_pooled	frames_250k_live.sbnd	warm	forward	full	16384	7	320	320	87807	33387	85770	39243	12690915	357	37161	123436	1582	5242880	29642	0	0	0	17495691	6	multi	320
frame_major_prefix	warm	uring_nowait_hybrid	frames_250k_live.sbnd	warm	forward	full	16384	7	320	320	34667	2733	20838	3541	1254416	260	15558	101906	1673	5242880	0	0	0	0	3062348	5	multi	0
frame_major_prefix	warm	pread_nowait_chunked	frames_250k_live.sbnd	warm	forward	full	16384	8	320	320	34035	2121	19922	2714	920518	255	15248	35516	1026	5242880	0	0	0	0	2074051	5	multi	0
frame_major_prefix	warm	pread_blocking_pooled	frames_250k_live.sbnd	warm	forward	full	16384	8	320	320	113595	45507	95894	46009	14913037	342	35583	76432	1785	5242880	29253	0	0	0	20329331	6	multi	320
frame_major_prefix	warm	uring_nowait_hybrid	frames_250k_live.sbnd	warm	forward	full	16384	8	320	320	38533	2972	21286	4142	1461334	272	18047	117271	1389	5242880	0	0	0	0	3439594	5	multi	0
frame_major_prefix	warm	pread_nowait_chunked	frames_250k_live.sbnd	warm	forward	full	16384	9	320	320	39507	1980	26092	2632	902837	260	15643	41433	1117	5242880	0	0	0	0	2109834	5	multi	0
frame_major_prefix	warm	pread_blocking_pooled	frames_250k_live.sbnd	warm	forward	full	16384	9	320	320	123740	44813	95254	44741	14501314	257	30555	91657	3827	5242880	28915	0	0	0	20293950	7	multi	320
frame_major_prefix	warm	uring_nowait_hybrid	frames_250k_live.sbnd	warm	forward	full	16384	9	320	320	35299	2957	25761	4125	1487957	258	17304	150905	2167	5242880	0	0	0	0	3368219	5	multi	0
rung_major_stripe	warm	pread_nowait_chunked	frames_16k_big.sbnd	warm	stripe_320	full	16384	1	5120	320	24105	4152	27381	4995	1642216	256	17006	58330	1905	5242880	0	0	0	0	4171150	5	multi	0
rung_major_stripe	warm	pread_blocking_pooled	frames_16k_big.sbnd	warm	stripe_320	full	16384	1	5120	320	147259	45632	81466	45763	14853971	259	30423	135200	3801	5242880	29544	0	0	0	21402335	6	multi	320
rung_major_stripe	warm	uring_nowait_hybrid	frames_16k_big.sbnd	warm	stripe_320	full	16384	1	5120	320	10357	2933	20792	3586	1252402	253	16140	33115	1465	5242880	0	0	0	0	3227513	5	multi	0
rung_major_stripe	warm	pread_nowait_chunked	frames_16k_big.sbnd	warm	stripe_320	full	16384	2	5120	320	41886	3733	26566	5095	1690914	257	18152	43116	1990	5242880	0	0	0	0	3520597	5	multi	0
rung_major_stripe	warm	pread_blocking_pooled	frames_16k_big.sbnd	warm	stripe_320	full	16384	2	5120	320	106667	45597	89941	45665	14780600	270	31079	118742	2893	5242880	29147	0	0	0	20963608	7	multi	320
rung_major_stripe	warm	uring_nowait_hybrid	frames_16k_big.sbnd	warm	stripe_320	full	16384	2	5120	320	39326	3585	27425	4196	1479749	259	17387	126390	1716	5242880	0	0	0	0	3554577	5	multi	0
rung_major_stripe	warm	pread_nowait_chunked	frames_16k_big.sbnd	warm	stripe_320	full	16384	3	5120	320	46764	3580	27558	6946	2293011	440	21911	56560	936	5242880	0	0	0	0	4070415	5	multi	0
rung_major_stripe	warm	pread_blocking_pooled	frames_16k_big.sbnd	warm	stripe_320	full	16384	3	5120	320	88555	33742	92896	35726	11578561	520	33921	82216	1511	5242880	30781	0	0	0	17214679	6	multi	320
rung_major_stripe	warm	uring_nowait_hybrid	frames_16k_big.sbnd	warm	stripe_320	full	16384	3	5120	320	44047	2692	23880	4138	1465881	265	20274	119677	1109	5242880	0	0	0	0	3160094	5	multi	0
rung_major_stripe	warm	pread_nowait_chunked	frames_16k_big.sbnd	warm	stripe_320	full	16384	4	5120	320	21294	2362	6408	2627	878185	293	15208	23208	881	5242880	0	0	0	0	2158517	5	multi	0
rung_major_stripe	warm	pread_blocking_pooled	frames_16k_big.sbnd	warm	stripe_320	full	16384	4	5120	320	127358	45430	92903	46238	14993102	274	31924	369668	2489	5242880	29131	0	0	0	20671640	6	multi	320
rung_major_stripe	warm	uring_nowait_hybrid	frames_16k_big.sbnd	warm	stripe_320	full	16384	4	5120	320	39206	3885	28706	6957	2371743	256	19136	123611	1908	5242880	0	0	0	0	4322039	5	multi	0
rung_major_stripe	warm	pread_nowait_chunked	frames_16k_big.sbnd	warm	stripe_320	full	16384	5	5120	320	10205	3164	19155	3602	1179235	260	17672	23111	1343	5242880	0	0	0	0	2813961	5	multi	0
rung_major_stripe	warm	pread_blocking_pooled	frames_16k_big.sbnd	warm	stripe_320	full	16384	5	5120	320	111780	32352	81679	37653	12203972	301	33054	73606	1771	5242880	29590	0	0	0	16931929	6	multi	320
rung_major_stripe	warm	uring_nowait_hybrid	frames_16k_big.sbnd	warm	stripe_320	full	16384	5	5120	320	15449	2328	24415	3591	1234622	2003	22404	85324	611	5242880	0	0	0	0	2035439	5	multi	0
rung_major_stripe	warm	pread_nowait_chunked	frames_16k_big.sbnd	warm	stripe_320	full	16384	6	5120	320	12672	2255	3154	2463	816863	2242	3284	45807	395	5242880	0	0	0	0	974815	5	multi	0
rung_major_stripe	warm	pread_blocking_pooled	frames_16k_big.sbnd	warm	stripe_320	full	16384	6	5120	320	100397	45451	83614	43040	13948058	271	33111	79651	2610	5242880	29248	0	0	0	19842563	7	multi	320
rung_major_stripe	warm	uring_nowait_hybrid	frames_16k_big.sbnd	warm	stripe_320	full	16384	6	5120	320	25387	2311	22170	3626	1289467	263	19780	111289	957	5242880	0	0	0	0	2794195	5	multi	0
rung_major_stripe	warm	pread_nowait_chunked	frames_16k_big.sbnd	warm	stripe_320	full	16384	7	5120	320	18490	3201	27622	4497	1474579	1084	25298	80861	434	5242880	0	0	0	0	2366918	5	multi	0
rung_major_stripe	warm	pread_blocking_pooled	frames_16k_big.sbnd	warm	stripe_320	full	16384	7	5120	320	92131	40630	75923	41123	13306694	290	35187	90001	2004	5242880	29445	0	0	0	18413904	6	multi	320
rung_major_stripe	warm	uring_nowait_hybrid	frames_16k_big.sbnd	warm	stripe_320	full	16384	7	5120	320	14604	2229	23420	2765	986422	260	18462	38248	1285	5242880	0	0	0	0	2649409	5	multi	0
rung_major_stripe	warm	pread_nowait_chunked	frames_16k_big.sbnd	warm	stripe_320	full	16384	8	5120	320	27940	16757	40170	11308	3679455	300	18668	43363	757	5242880	0	0	0	0	4838827	5	multi	0
rung_major_stripe	warm	pread_blocking_pooled	frames_16k_big.sbnd	warm	stripe_320	full	16384	8	5120	320	107043	45499	88619	44204	14315608	286	38123	98291	2110	5242880	29641	0	0	0	20006997	6	multi	320
rung_major_stripe	warm	uring_nowait_hybrid	frames_16k_big.sbnd	warm	stripe_320	full	16384	8	5120	320	19325	3523	25271	4568	1579062	257	14940	34526	2183	5242880	0	0	0	0	3830054	5	multi	0
rung_major_stripe	warm	pread_nowait_chunked	frames_16k_big.sbnd	warm	stripe_320	full	16384	9	5120	320	17588	2612	20324	3055	1012654	258	15022	23587	1237	5242880	0	0	0	0	2399959	5	multi	0
rung_major_stripe	warm	pread_blocking_pooled	frames_16k_big.sbnd	warm	stripe_320	full	16384	9	5120	320	3159034	45444	83546	43768	17227313	496	31143	106540	4275	5242880	29898	0	0	0	23758309	6	multi	320
rung_major_stripe	warm	uring_nowait_hybrid	frames_16k_big.sbnd	warm	stripe_320	full	16384	9	5120	320	25803	2633	24286	3484	1227005	260	16211	93188	1252	5242880	0	0	0	0	3027593	5	multi	0
